Cement (component 1)(kg in a m^3 mixture),Blast Furnace Slag (component 2)(kg in a m^3 mixture),Fly Ash (component 3)(kg in a m^3 mixture),Water  (component 4)(kg in a m^3 mixture),Superplasticizer (component 5)(kg in a m^3 mixture),Coarse Aggregate  (component 6)(kg in a m^3 mixture),Fine Aggregate (component 7)(kg in a m^3 mixture),Age (day),"Concrete compressive strength(MPa, megapascals) "
540.0_ ,0.0_ ,0.0_ ,162.0_ ,2.5_ ,1040.0_ ,676.0_ ,28_ ,79.99_ 
540.0_ ,0.0_ ,0.0_ ,162.0_ ,2.5_ ,1055.0_ ,676.0_ ,28_ ,61.89_ 
332.5_ ,142.5_ ,0.0_ ,228.0_ ,0.0_ ,932.0_ ,594.0_ ,270_ ,40.27_ 
332.5_ ,142.5_ ,0.0_ ,228.0_ ,0.0_ ,932.0_ ,594.0_ ,365_ ,41.05_ 
198.6_ ,132.4_ ,0.0_ ,192.0_ ,0.0_ ,978.4_ ,825.5_ ,360_ ,44.30_ 
266.0_ ,114.0_ ,0.0_ ,228.0_ ,0.0_ ,932.0_ ,670.0_ ,90_ ,47.03_ 
380.0_ ,95.0_ ,0.0_ ,228.0_ ,0.0_ ,932.0_ ,594.0_ ,365_ ,43.70_ 
380.0_ ,95.0_ ,0.0_ ,228.0_ ,0.0_ ,932.0_ ,594.0_ ,28_ ,36.45_ 
266.0_ ,114.0_ ,0.0_ ,228.0_ ,0.0_ ,932.0_ ,670.0_ ,28_ ,45.85_ 
475.0_ ,0.0_ ,0.0_ ,228.0_ ,0.0_ ,932.0_ ,594.0_ ,28_ ,39.29_ 
198.6_ ,132.4_ ,0.0_ ,192.0_ ,0.0_ ,978.4_ ,825.5_ ,90_ ,38.07_ 
198.6_ ,132.4_ ,0.0_ ,192.0_ ,0.0_ ,978.4_ ,825.5_ ,28_ ,28.02_ 
427.5_ ,47.5_ ,0.0_ ,228.0_ ,0.0_ ,932.0_ ,594.0_ ,270_ ,43.01_ 
190.0_ ,190.0_ ,0.0_ ,228.0_ ,0.0_ ,932.0_ ,670.0_ ,90_ ,42.33_ 
304.0_ ,76.0_ ,0.0_ ,228.0_ ,0.0_ ,932.0_ ,670.0_ ,28_ ,47.81_ 
380.0_ ,0.0_ ,0.0_ ,228.0_ ,0.0_ ,932.0_ ,670.0_ ,90_ ,52.91_ 
139.6_ ,209.4_ ,0.0_ ,192.0_ ,0.0_ ,1047.0_ ,806.9_ ,90_ ,39.36_ 
342.0_ ,38.0_ ,0.0_ ,228.0_ ,0.0_ ,932.0_ ,670.0_ ,365_ ,56.14_ 
380.0_ ,95.0_ ,0.0_ ,228.0_ ,0.0_ ,932.0_ ,594.0_ ,90_ ,40.56_ 
475.0_ ,0.0_ ,0.0_ ,228.0_ ,0.0_ ,932.0_ ,594.0_ ,180_ ,42.62_ 
427.5_ ,47.5_ ,0.0_ ,228.0_ ,0.0_ ,932.0_ ,594.0_ ,180_ ,41.84_ 
139.6_ ,209.4_ ,0.0_ ,192.0_ ,0.0_ ,1047.0_ ,806.9_ ,28_ ,28.24_ 
139.6_ ,209.4_ ,0.0_ ,192.0_ ,0.0_ ,1047.0_ ,806.9_ ,3_ ,8.06_ 
139.6_ ,209.4_ ,0.0_ ,192.0_ ,0.0_ ,1047.0_ ,806.9_ ,180_ ,44.21_ 
380.0_ ,0.0_ ,0.0_ ,228.0_ ,0.0_ ,932.0_ ,670.0_ ,365_ ,52.52_ 
380.0_ ,0.0_ ,0.0_ ,228.0_ ,0.0_ ,932.0_ ,670.0_ ,270_ ,53.30_ 
380.0_ ,95.0_ ,0.0_ ,228.0_ ,0.0_ ,932.0_ ,594.0_ ,270_ ,41.15_ 
342.0_ ,38.0_ ,0.0_ ,228.0_ ,0.0_ ,932.0_ ,670.0_ ,180_ ,52.12_ 
427.5_ ,47.5_ ,0.0_ ,228.0_ ,0.0_ ,932.0_ ,594.0_ ,28_ ,37.43_ 
475.0_ ,0.0_ ,0.0_ ,228.0_ ,0.0_ ,932.0_ ,594.0_ ,7_ ,38.60_ 
304.0_ ,76.0_ ,0.0_ ,228.0_ ,0.0_ ,932.0_ ,670.0_ ,365_ ,55.26_ 
266.0_ ,114.0_ ,0.0_ ,228.0_ ,0.0_ ,932.0_ ,670.0_ ,365_ ,52.91_ 
198.6_ ,132.4_ ,0.0_ ,192.0_ ,0.0_ ,978.4_ ,825.5_ ,180_ ,41.72_ 
475.0_ ,0.0_ ,0.0_ ,228.0_ ,0.0_ ,932.0_ ,594.0_ ,270_ ,42.13_ 
190.0_ ,190.0_ ,0.0_ ,228.0_ ,0.0_ ,932.0_ ,670.0_ ,365_ ,53.69_ 
237.5_ ,237.5_ ,0.0_ ,228.0_ ,0.0_ ,932.0_ ,594.0_ ,270_ ,38.41_ 
237.5_ ,237.5_ ,0.0_ ,228.0_ ,0.0_ ,932.0_ ,594.0_ ,28_ ,30.08_ 
332.5_ ,142.5_ ,0.0_ ,228.0_ ,0.0_ ,932.0_ ,594.0_ ,90_ ,37.72_ 
475.0_ ,0.0_ ,0.0_ ,228.0_ ,0.0_ ,932.0_ ,594.0_ ,90_ ,42.23_ 
237.5_ ,237.5_ ,0.0_ ,228.0_ ,0.0_ ,932.0_ ,594.0_ ,180_ ,36.25_ 
342.0_ ,38.0_ ,0.0_ ,228.0_ ,0.0_ ,932.0_ ,670.0_ ,90_ ,50.46_ 
427.5_ ,47.5_ ,0.0_ ,228.0_ ,0.0_ ,932.0_ ,594.0_ ,365_ ,43.70_ 
237.5_ ,237.5_ ,0.0_ ,228.0_ ,0.0_ ,932.0_ ,594.0_ ,365_ ,39.00_ 
380.0_ ,0.0_ ,0.0_ ,228.0_ ,0.0_ ,932.0_ ,670.0_ ,180_ ,53.10_ 
427.5_ ,47.5_ ,0.0_ ,228.0_ ,0.0_ ,932.0_ ,594.0_ ,90_ ,41.54_ 
427.5_ ,47.5_ ,0.0_ ,228.0_ ,0.0_ ,932.0_ ,594.0_ ,7_ ,35.08_ 
349.0_ ,0.0_ ,0.0_ ,192.0_ ,0.0_ ,1047.0_ ,806.9_ ,3_ ,15.05_ 
380.0_ ,95.0_ ,0.0_ ,228.0_ ,0.0_ ,932.0_ ,594.0_ ,180_ ,40.76_ 
237.5_ ,237.5_ ,0.0_ ,228.0_ ,0.0_ ,932.0_ ,594.0_ ,7_ ,26.26_ 
380.0_ ,95.0_ ,0.0_ ,228.0_ ,0.0_ ,932.0_ ,594.0_ ,7_ ,32.82_ 
332.5_ ,142.5_ ,0.0_ ,228.0_ ,0.0_ ,932.0_ ,594.0_ ,180_ ,39.78_ 
190.0_ ,190.0_ ,0.0_ ,228.0_ ,0.0_ ,932.0_ ,670.0_ ,180_ ,46.93_ 
237.5_ ,237.5_ ,0.0_ ,228.0_ ,0.0_ ,932.0_ ,594.0_ ,90_ ,33.12_ 
304.0_ ,76.0_ ,0.0_ ,228.0_ ,0.0_ ,932.0_ ,670.0_ ,90_ ,49.19_ 
139.6_ ,209.4_ ,0.0_ ,192.0_ ,0.0_ ,1047.0_ ,806.9_ ,7_ ,14.59_ 
198.6_ ,132.4_ ,0.0_ ,192.0_ ,0.0_ ,978.4_ ,825.5_ ,7_ ,14.64_ 
475.0_ ,0.0_ ,0.0_ ,228.0_ ,0.0_ ,932.0_ ,594.0_ ,365_ ,41.93_ 
198.6_ ,132.4_ ,0.0_ ,192.0_ ,0.0_ ,978.4_ ,825.5_ ,3_ ,9.13_ 
304.0_ ,76.0_ ,0.0_ ,228.0_ ,0.0_ ,932.0_ ,670.0_ ,180_ ,50.95_ 
332.5_ ,142.5_ ,0.0_ ,228.0_ ,0.0_ ,932.0_ ,594.0_ ,28_ ,33.02_ 
304.0_ ,76.0_ ,0.0_ ,228.0_ ,0.0_ ,932.0_ ,670.0_ ,270_ ,54.38_ 
266.0_ ,114.0_ ,0.0_ ,228.0_ ,0.0_ ,932.0_ ,670.0_ ,270_ ,51.73_ 
310.0_ ,0.0_ ,0.0_ ,192.0_ ,0.0_ ,971.0_ ,850.6_ ,3_ ,9.87_ 
190.0_ ,190.0_ ,0.0_ ,228.0_ ,0.0_ ,932.0_ ,670.0_ ,270_ ,50.66_ 
266.0_ ,114.0_ ,0.0_ ,228.0_ ,0.0_ ,932.0_ ,670.0_ ,180_ ,48.70_ 
342.0_ ,38.0_ ,0.0_ ,228.0_ ,0.0_ ,932.0_ ,670.0_ ,270_ ,55.06_ 
139.6_ ,209.4_ ,0.0_ ,192.0_ ,0.0_ ,1047.0_ ,806.9_ ,360_ ,44.70_ 
332.5_ ,142.5_ ,0.0_ ,228.0_ ,0.0_ ,932.0_ ,594.0_ ,7_ ,30.28_ 
190.0_ ,190.0_ ,0.0_ ,228.0_ ,0.0_ ,932.0_ ,670.0_ ,28_ ,40.86_ 
485.0_ ,0.0_ ,0.0_ ,146.0_ ,0.0_ ,1120.0_ ,800.0_ ,28_ ,71.99_ 
374.0_ ,189.2_ ,0.0_ ,170.1_ ,10.1_ ,926.1_ ,756.7_ ,3_ ,34.40_ 
313.3_ ,262.2_ ,0.0_ ,175.5_ ,8.6_ ,1046.9_ ,611.8_ ,3_ ,28.80_ 
425.0_ ,106.3_ ,0.0_ ,153.5_ ,16.5_ ,852.1_ ,887.1_ ,3_ ,33.40_ 
425.0_ ,106.3_ ,0.0_ ,151.4_ ,18.6_ ,936.0_ ,803.7_ ,3_ ,36.30_ 
375.0_ ,93.8_ ,0.0_ ,126.6_ ,23.4_ ,852.1_ ,992.6_ ,3_ ,29.00_ 
475.0_ ,118.8_ ,0.0_ ,181.1_ ,8.9_ ,852.1_ ,781.5_ ,3_ ,37.80_ 
469.0_ ,117.2_ ,0.0_ ,137.8_ ,32.2_ ,852.1_ ,840.5_ ,3_ ,40.20_ 
425.0_ ,106.3_ ,0.0_ ,153.5_ ,16.5_ ,852.1_ ,887.1_ ,3_ ,33.40_ 
388.6_ ,97.1_ ,0.0_ ,157.9_ ,12.1_ ,852.1_ ,925.7_ ,3_ ,28.10_ 
531.3_ ,0.0_ ,0.0_ ,141.8_ ,28.2_ ,852.1_ ,893.7_ ,3_ ,41.30_ 
425.0_ ,106.3_ ,0.0_ ,153.5_ ,16.5_ ,852.1_ ,887.1_ ,3_ ,33.40_ 
318.8_ ,212.5_ ,0.0_ ,155.7_ ,14.3_ ,852.1_ ,880.4_ ,3_ ,25.20_ 
401.8_ ,94.7_ ,0.0_ ,147.4_ ,11.4_ ,946.8_ ,852.1_ ,3_ ,41.10_ 
362.6_ ,189.0_ ,0.0_ ,164.9_ ,11.6_ ,944.7_ ,755.8_ ,3_ ,35.30_ 
323.7_ ,282.8_ ,0.0_ ,183.8_ ,10.3_ ,942.7_ ,659.9_ ,3_ ,28.30_ 
379.5_ ,151.2_ ,0.0_ ,153.9_ ,15.9_ ,1134.3_ ,605.0_ ,3_ ,28.60_ 
362.6_ ,189.0_ ,0.0_ ,164.9_ ,11.6_ ,944.7_ ,755.8_ ,3_ ,35.30_ 
286.3_ ,200.9_ ,0.0_ ,144.7_ ,11.2_ ,1004.6_ ,803.7_ ,3_ ,24.40_ 
362.6_ ,189.0_ ,0.0_ ,164.9_ ,11.6_ ,944.7_ ,755.8_ ,3_ ,35.30_ 
439.0_ ,177.0_ ,0.0_ ,186.0_ ,11.1_ ,884.9_ ,707.9_ ,3_ ,39.30_ 
389.9_ ,189.0_ ,0.0_ ,145.9_ ,22.0_ ,944.7_ ,755.8_ ,3_ ,40.60_ 
362.6_ ,189.0_ ,0.0_ ,164.9_ ,11.6_ ,944.7_ ,755.8_ ,3_ ,35.30_ 
337.9_ ,189.0_ ,0.0_ ,174.9_ ,9.5_ ,944.7_ ,755.8_ ,3_ ,24.10_ 
374.0_ ,189.2_ ,0.0_ ,170.1_ ,10.1_ ,926.1_ ,756.7_ ,7_ ,46.20_ 
313.3_ ,262.2_ ,0.0_ ,175.5_ ,8.6_ ,1046.9_ ,611.8_ ,7_ ,42.80_ 
425.0_ ,106.3_ ,0.0_ ,153.5_ ,16.5_ ,852.1_ ,887.1_ ,7_ ,49.20_ 
425.0_ ,106.3_ ,0.0_ ,151.4_ ,18.6_ ,936.0_ ,803.7_ ,7_ ,46.80_ 
375.0_ ,93.8_ ,0.0_ ,126.6_ ,23.4_ ,852.1_ ,992.6_ ,7_ ,45.70_ 
475.0_ ,118.8_ ,0.0_ ,181.1_ ,8.9_ ,852.1_ ,781.5_ ,7_ ,55.60_ 
469.0_ ,117.2_ ,0.0_ ,137.8_ ,32.2_ ,852.1_ ,840.5_ ,7_ ,54.90_ 
425.0_ ,106.3_ ,0.0_ ,153.5_ ,16.5_ ,852.1_ ,887.1_ ,7_ ,49.20_ 
388.6_ ,97.1_ ,0.0_ ,157.9_ ,12.1_ ,852.1_ ,925.7_ ,7_ ,34.90_ 
531.3_ ,0.0_ ,0.0_ ,141.8_ ,28.2_ ,852.1_ ,893.7_ ,7_ ,46.90_ 
425.0_ ,106.3_ ,0.0_ ,153.5_ ,16.5_ ,852.1_ ,887.1_ ,7_ ,49.20_ 
318.8_ ,212.5_ ,0.0_ ,155.7_ ,14.3_ ,852.1_ ,880.4_ ,7_ ,33.40_ 
401.8_ ,94.7_ ,0.0_ ,147.4_ ,11.4_ ,946.8_ ,852.1_ ,7_ ,54.10_ 
362.6_ ,189.0_ ,0.0_ ,164.9_ ,11.6_ ,944.7_ ,755.8_ ,7_ ,55.90_ 
323.7_ ,282.8_ ,0.0_ ,183.8_ ,10.3_ ,942.7_ ,659.9_ ,7_ ,49.80_ 
379.5_ ,151.2_ ,0.0_ ,153.9_ ,15.9_ ,1134.3_ ,605.0_ ,7_ ,47.10_ 
362.6_ ,189.0_ ,0.0_ ,164.9_ ,11.6_ ,944.7_ ,755.8_ ,7_ ,55.90_ 
286.3_ ,200.9_ ,0.0_ ,144.7_ ,11.2_ ,1004.6_ ,803.7_ ,7_ ,38.00_ 
362.6_ ,189.0_ ,0.0_ ,164.9_ ,11.6_ ,944.7_ ,755.8_ ,7_ ,55.90_ 
439.0_ ,177.0_ ,0.0_ ,186.0_ ,11.1_ ,884.9_ ,707.9_ ,7_ ,56.10_ 
389.9_ ,189.0_ ,0.0_ ,145.9_ ,22.0_ ,944.7_ ,755.8_ ,7_ ,59.09_ 
362.6_ ,189.0_ ,0.0_ ,164.9_ ,11.6_ ,944.7_ ,755.8_ ,7_ ,22.90_ 
337.9_ ,189.0_ ,0.0_ ,174.9_ ,9.5_ ,944.7_ ,755.8_ ,7_ ,35.10_ 
374.0_ ,189.2_ ,0.0_ ,170.1_ ,10.1_ ,926.1_ ,756.7_ ,28_ ,61.09_ 
313.3_ ,262.2_ ,0.0_ ,175.5_ ,8.6_ ,1046.9_ ,611.8_ ,28_ ,59.80_ 
425.0_ ,106.3_ ,0.0_ ,153.5_ ,16.5_ ,852.1_ ,887.1_ ,28_ ,60.29_ 
425.0_ ,106.3_ ,0.0_ ,151.4_ ,18.6_ ,936.0_ ,803.7_ ,28_ ,61.80_ 
375.0_ ,93.8_ ,0.0_ ,126.6_ ,23.4_ ,852.1_ ,992.6_ ,28_ ,56.70_ 
475.0_ ,118.8_ ,0.0_ ,181.1_ ,8.9_ ,852.1_ ,781.5_ ,28_ ,68.30_ 
469.0_ ,117.2_ ,0.0_ ,137.8_ ,32.2_ ,852.1_ ,840.5_ ,28_ ,66.90_ 
425.0_ ,106.3_ ,0.0_ ,153.5_ ,16.5_ ,852.1_ ,887.1_ ,28_ ,60.29_ 
388.6_ ,97.1_ ,0.0_ ,157.9_ ,12.1_ ,852.1_ ,925.7_ ,28_ ,50.70_ 
531.3_ ,0.0_ ,0.0_ ,141.8_ ,28.2_ ,852.1_ ,893.7_ ,28_ ,56.40_ 
425.0_ ,106.3_ ,0.0_ ,153.5_ ,16.5_ ,852.1_ ,887.1_ ,28_ ,60.29_ 
318.8_ ,212.5_ ,0.0_ ,155.7_ ,14.3_ ,852.1_ ,880.4_ ,28_ ,55.50_ 
401.8_ ,94.7_ ,0.0_ ,147.4_ ,11.4_ ,946.8_ ,852.1_ ,28_ ,68.50_ 
362.6_ ,189.0_ ,0.0_ ,164.9_ ,11.6_ ,944.7_ ,755.8_ ,28_ ,71.30_ 
323.7_ ,282.8_ ,0.0_ ,183.8_ ,10.3_ ,942.7_ ,659.9_ ,28_ ,74.70_ 
379.5_ ,151.2_ ,0.0_ ,153.9_ ,15.9_ ,1134.3_ ,605.0_ ,28_ ,52.20_ 
362.6_ ,189.0_ ,0.0_ ,164.9_ ,11.6_ ,944.7_ ,755.8_ ,28_ ,71.30_ 
286.3_ ,200.9_ ,0.0_ ,144.7_ ,11.2_ ,1004.6_ ,803.7_ ,28_ ,67.70_ 
362.6_ ,189.0_ ,0.0_ ,164.9_ ,11.6_ ,944.7_ ,755.8_ ,28_ ,71.30_ 
439.0_ ,177.0_ ,0.0_ ,186.0_ ,11.1_ ,884.9_ ,707.9_ ,28_ ,66.00_ 
389.9_ ,189.0_ ,0.0_ ,145.9_ ,22.0_ ,944.7_ ,755.8_ ,28_ ,74.50_ 
362.6_ ,189.0_ ,0.0_ ,164.9_ ,11.6_ ,944.7_ ,755.8_ ,28_ ,71.30_ 
337.9_ ,189.0_ ,0.0_ ,174.9_ ,9.5_ ,944.7_ ,755.8_ ,28_ ,49.90_ 
374.0_ ,189.2_ ,0.0_ ,170.1_ ,10.1_ ,926.1_ ,756.7_ ,56_ ,63.40_ 
313.3_ ,262.2_ ,0.0_ ,175.5_ ,8.6_ ,1046.9_ ,611.8_ ,56_ ,64.90_ 
425.0_ ,106.3_ ,0.0_ ,153.5_ ,16.5_ ,852.1_ ,887.1_ ,56_ ,64.30_ 
425.0_ ,106.3_ ,0.0_ ,151.4_ ,18.6_ ,936.0_ ,803.7_ ,56_ ,64.90_ 
375.0_ ,93.8_ ,0.0_ ,126.6_ ,23.4_ ,852.1_ ,992.6_ ,56_ ,60.20_ 
475.0_ ,118.8_ ,0.0_ ,181.1_ ,8.9_ ,852.1_ ,781.5_ ,56_ ,72.30_ 
469.0_ ,117.2_ ,0.0_ ,137.8_ ,32.2_ ,852.1_ ,840.5_ ,56_ ,69.30_ 
425.0_ ,106.3_ ,0.0_ ,153.5_ ,16.5_ ,852.1_ ,887.1_ ,56_ ,64.30_ 
388.6_ ,97.1_ ,0.0_ ,157.9_ ,12.1_ ,852.1_ ,925.7_ ,56_ ,55.20_ 
531.3_ ,0.0_ ,0.0_ ,141.8_ ,28.2_ ,852.1_ ,893.7_ ,56_ ,58.80_ 
425.0_ ,106.3_ ,0.0_ ,153.5_ ,16.5_ ,852.1_ ,887.1_ ,56_ ,64.30_ 
318.8_ ,212.5_ ,0.0_ ,155.7_ ,14.3_ ,852.1_ ,880.4_ ,56_ ,66.10_ 
401.8_ ,94.7_ ,0.0_ ,147.4_ ,11.4_ ,946.8_ ,852.1_ ,56_ ,73.70_ 
362.6_ ,189.0_ ,0.0_ ,164.9_ ,11.6_ ,944.7_ ,755.8_ ,56_ ,77.30_ 
323.7_ ,282.8_ ,0.0_ ,183.8_ ,10.3_ ,942.7_ ,659.9_ ,56_ ,80.20_ 
379.5_ ,151.2_ ,0.0_ ,153.9_ ,15.9_ ,1134.3_ ,605.0_ ,56_ ,54.90_ 
362.6_ ,189.0_ ,0.0_ ,164.9_ ,11.6_ ,944.7_ ,755.8_ ,56_ ,77.30_ 
286.3_ ,200.9_ ,0.0_ ,144.7_ ,11.2_ ,1004.6_ ,803.7_ ,56_ ,72.99_ 
362.6_ ,189.0_ ,0.0_ ,164.9_ ,11.6_ ,944.7_ ,755.8_ ,56_ ,77.30_ 
439.0_ ,177.0_ ,0.0_ ,186.0_ ,11.1_ ,884.9_ ,707.9_ ,56_ ,71.70_ 
389.9_ ,189.0_ ,0.0_ ,145.9_ ,22.0_ ,944.7_ ,755.8_ ,56_ ,79.40_ 
362.6_ ,189.0_ ,0.0_ ,164.9_ ,11.6_ ,944.7_ ,755.8_ ,56_ ,77.30_ 
337.9_ ,189.0_ ,0.0_ ,174.9_ ,9.5_ ,944.7_ ,755.8_ ,56_ ,59.89_ 
374.0_ ,189.2_ ,0.0_ ,170.1_ ,10.1_ ,926.1_ ,756.7_ ,91_ ,64.90_ 
313.3_ ,262.2_ ,0.0_ ,175.5_ ,8.6_ ,1046.9_ ,611.8_ ,91_ ,66.60_ 
425.0_ ,106.3_ ,0.0_ ,153.5_ ,16.5_ ,852.1_ ,887.1_ ,91_ ,65.20_ 
425.0_ ,106.3_ ,0.0_ ,151.4_ ,18.6_ ,936.0_ ,803.7_ ,91_ ,66.70_ 
375.0_ ,93.8_ ,0.0_ ,126.6_ ,23.4_ ,852.1_ ,992.6_ ,91_ ,62.50_ 
475.0_ ,118.8_ ,0.0_ ,181.1_ ,8.9_ ,852.1_ ,781.5_ ,91_ ,74.19_ 
469.0_ ,117.2_ ,0.0_ ,137.8_ ,32.2_ ,852.1_ ,840.5_ ,91_ ,70.70_ 
425.0_ ,106.3_ ,0.0_ ,153.5_ ,16.5_ ,852.1_ ,887.1_ ,91_ ,65.20_ 
388.6_ ,97.1_ ,0.0_ ,157.9_ ,12.1_ ,852.1_ ,925.7_ ,91_ ,57.60_ 
531.3_ ,0.0_ ,0.0_ ,141.8_ ,28.2_ ,852.1_ ,893.7_ ,91_ ,59.20_ 
425.0_ ,106.3_ ,0.0_ ,153.5_ ,16.5_ ,852.1_ ,887.1_ ,91_ ,65.20_ 
318.8_ ,212.5_ ,0.0_ ,155.7_ ,14.3_ ,852.1_ ,880.4_ ,91_ ,68.10_ 
401.8_ ,94.7_ ,0.0_ ,147.4_ ,11.4_ ,946.8_ ,852.1_ ,91_ ,75.50_ 
362.6_ ,189.0_ ,0.0_ ,164.9_ ,11.6_ ,944.7_ ,755.8_ ,91_ ,79.30_ 
379.5_ ,151.2_ ,0.0_ ,153.9_ ,15.9_ ,1134.3_ ,605.0_ ,91_ ,56.50_ 
362.6_ ,189.0_ ,0.0_ ,164.9_ ,11.6_ ,944.7_ ,755.8_ ,91_ ,79.30_ 
286.3_ ,200.9_ ,0.0_ ,144.7_ ,11.2_ ,1004.6_ ,803.7_ ,91_ ,76.80_ 
362.6_ ,189.0_ ,0.0_ ,164.9_ ,11.6_ ,944.7_ ,755.8_ ,91_ ,79.30_ 
439.0_ ,177.0_ ,0.0_ ,186.0_ ,11.1_ ,884.9_ ,707.9_ ,91_ ,73.30_ 
389.9_ ,189.0_ ,0.0_ ,145.9_ ,22.0_ ,944.7_ ,755.8_ ,91_ ,82.60_ 
362.6_ ,189.0_ ,0.0_ ,164.9_ ,11.6_ ,944.7_ ,755.8_ ,91_ ,79.30_ 
337.9_ ,189.0_ ,0.0_ ,174.9_ ,9.5_ ,944.7_ ,755.8_ ,91_ ,67.80_ 
222.4_ ,0.0_ ,96.7_ ,189.3_ ,4.5_ ,967.1_ ,870.3_ ,3_ ,11.58_ 
222.4_ ,0.0_ ,96.7_ ,189.3_ ,4.5_ ,967.1_ ,870.3_ ,14_ ,24.45_ 
222.4_ ,0.0_ ,96.7_ ,189.3_ ,4.5_ ,967.1_ ,870.3_ ,28_ ,24.89_ 
222.4_ ,0.0_ ,96.7_ ,189.3_ ,4.5_ ,967.1_ ,870.3_ ,56_ ,29.45_ 
222.4_ ,0.0_ ,96.7_ ,189.3_ ,4.5_ ,967.1_ ,870.3_ ,100_ ,40.71_ 
233.8_ ,0.0_ ,94.6_ ,197.9_ ,4.6_ ,947.0_ ,852.2_ ,3_ ,10.38_ 
233.8_ ,0.0_ ,94.6_ ,197.9_ ,4.6_ ,947.0_ ,852.2_ ,14_ ,22.14_ 
233.8_ ,0.0_ ,94.6_ ,197.9_ ,4.6_ ,947.0_ ,852.2_ ,28_ ,22.84_ 
233.8_ ,0.0_ ,94.6_ ,197.9_ ,4.6_ ,947.0_ ,852.2_ ,56_ ,27.66_ 
233.8_ ,0.0_ ,94.6_ ,197.9_ ,4.6_ ,947.0_ ,852.2_ ,100_ ,34.56_ 
194.7_ ,0.0_ ,100.5_ ,165.6_ ,7.5_ ,1006.4_ ,905.9_ ,3_ ,12.45_ 
194.7_ ,0.0_ ,100.5_ ,165.6_ ,7.5_ ,1006.4_ ,905.9_ ,14_ ,24.99_ 
194.7_ ,0.0_ ,100.5_ ,165.6_ ,7.5_ ,1006.4_ ,905.9_ ,28_ ,25.72_ 
194.7_ ,0.0_ ,100.5_ ,165.6_ ,7.5_ ,1006.4_ ,905.9_ ,56_ ,33.96_ 
194.7_ ,0.0_ ,100.5_ ,165.6_ ,7.5_ ,1006.4_ ,905.9_ ,100_ ,37.34_ 
190.7_ ,0.0_ ,125.4_ ,162.1_ ,7.8_ ,1090.0_ ,804.0_ ,3_ ,15.04_ 
190.7_ ,0.0_ ,125.4_ ,162.1_ ,7.8_ ,1090.0_ ,804.0_ ,14_ ,21.06_ 
190.7_ ,0.0_ ,125.4_ ,162.1_ ,7.8_ ,1090.0_ ,804.0_ ,28_ ,26.40_ 
190.7_ ,0.0_ ,125.4_ ,162.1_ ,7.8_ ,1090.0_ ,804.0_ ,56_ ,35.34_ 
190.7_ ,0.0_ ,125.4_ ,162.1_ ,7.8_ ,1090.0_ ,804.0_ ,100_ ,40.57_ 
212.1_ ,0.0_ ,121.6_ ,180.3_ ,5.7_ ,1057.6_ ,779.3_ ,3_ ,12.47_ 
212.1_ ,0.0_ ,121.6_ ,180.3_ ,5.7_ ,1057.6_ ,779.3_ ,14_ ,20.92_ 
212.1_ ,0.0_ ,121.6_ ,180.3_ ,5.7_ ,1057.6_ ,779.3_ ,28_ ,24.90_ 
212.1_ ,0.0_ ,121.6_ ,180.3_ ,5.7_ ,1057.6_ ,779.3_ ,56_ ,34.20_ 
212.1_ ,0.0_ ,121.6_ ,180.3_ ,5.7_ ,1057.6_ ,779.3_ ,100_ ,39.61_ 
230.0_ ,0.0_ ,118.3_ ,195.5_ ,4.6_ ,1029.4_ ,758.6_ ,3_ ,10.03_ 
230.0_ ,0.0_ ,118.3_ ,195.5_ ,4.6_ ,1029.4_ ,758.6_ ,14_ ,20.08_ 
230.0_ ,0.0_ ,118.3_ ,195.5_ ,4.6_ ,1029.4_ ,758.6_ ,28_ ,24.48_ 
230.0_ ,0.0_ ,118.3_ ,195.5_ ,4.6_ ,1029.4_ ,758.6_ ,56_ ,31.54_ 
230.0_ ,0.0_ ,118.3_ ,195.5_ ,4.6_ ,1029.4_ ,758.6_ ,100_ ,35.34_ 
190.3_ ,0.0_ ,125.2_ ,161.8_ ,9.9_ ,1088.1_ ,802.6_ ,3_ ,9.45_ 
190.3_ ,0.0_ ,125.2_ ,161.8_ ,9.9_ ,1088.1_ ,802.6_ ,14_ ,22.72_ 
190.3_ ,0.0_ ,125.2_ ,161.8_ ,9.9_ ,1088.1_ ,802.6_ ,28_ ,28.47_ 
190.3_ ,0.0_ ,125.2_ ,161.8_ ,9.9_ ,1088.1_ ,802.6_ ,56_ ,38.56_ 
190.3_ ,0.0_ ,125.2_ ,161.8_ ,9.9_ ,1088.1_ ,802.6_ ,100_ ,40.39_ 
166.1_ ,0.0_ ,163.3_ ,176.5_ ,4.5_ ,1058.6_ ,780.1_ ,3_ ,10.76_ 
166.1_ ,0.0_ ,163.3_ ,176.5_ ,4.5_ ,1058.6_ ,780.1_ ,14_ ,25.48_ 
166.1_ ,0.0_ ,163.3_ ,176.5_ ,4.5_ ,1058.6_ ,780.1_ ,28_ ,21.54_ 
166.1_ ,0.0_ ,163.3_ ,176.5_ ,4.5_ ,1058.6_ ,780.1_ ,56_ ,28.63_ 
166.1_ ,0.0_ ,163.3_ ,176.5_ ,4.5_ ,1058.6_ ,780.1_ ,100_ ,33.54_ 
167.9_ ,42.1_ ,163.8_ ,121.8_ ,5.7_ ,1058.7_ ,780.1_ ,3_ ,7.75_ 
167.9_ ,42.1_ ,163.8_ ,121.8_ ,5.7_ ,1058.7_ ,780.1_ ,14_ ,17.82_ 
167.9_ ,42.1_ ,163.8_ ,121.8_ ,5.7_ ,1058.7_ ,780.1_ ,28_ ,24.24_ 
167.9_ ,42.1_ ,163.8_ ,121.8_ ,5.7_ ,1058.7_ ,780.1_ ,56_ ,32.85_ 
167.9_ ,42.1_ ,163.8_ ,121.8_ ,5.7_ ,1058.7_ ,780.1_ ,100_ ,39.23_ 
213.7_ ,98.0_ ,24.5_ ,181.7_ ,6.9_ ,1065.8_ ,785.4_ ,3_ ,18.00_ 
213.7_ ,98.0_ ,24.5_ ,181.7_ ,6.9_ ,1065.8_ ,785.4_ ,14_ ,30.39_ 
213.7_ ,98.0_ ,24.5_ ,181.7_ ,6.9_ ,1065.8_ ,785.4_ ,28_ ,45.71_ 
213.7_ ,98.0_ ,24.5_ ,181.7_ ,6.9_ ,1065.8_ ,785.4_ ,56_ ,50.77_ 
213.7_ ,98.0_ ,24.5_ ,181.7_ ,6.9_ ,1065.8_ ,785.4_ ,100_ ,53.90_ 
213.8_ ,98.1_ ,24.5_ ,181.7_ ,6.7_ ,1066.0_ ,785.5_ ,3_ ,13.18_ 
213.8_ ,98.1_ ,24.5_ ,181.7_ ,6.7_ ,1066.0_ ,785.5_ ,14_ ,17.84_ 
213.8_ ,98.1_ ,24.5_ ,181.7_ ,6.7_ ,1066.0_ ,785.5_ ,28_ ,40.23_ 
213.8_ ,98.1_ ,24.5_ ,181.7_ ,6.7_ ,1066.0_ ,785.5_ ,56_ ,47.13_ 
213.8_ ,98.1_ ,24.5_ ,181.7_ ,6.7_ ,1066.0_ ,785.5_ ,100_ ,49.97_ 
229.7_ ,0.0_ ,118.2_ ,195.2_ ,6.1_ ,1028.1_ ,757.6_ ,3_ ,13.36_ 
229.7_ ,0.0_ ,118.2_ ,195.2_ ,6.1_ ,1028.1_ ,757.6_ ,14_ ,22.32_ 
229.7_ ,0.0_ ,118.2_ ,195.2_ ,6.1_ ,1028.1_ ,757.6_ ,28_ ,24.54_ 
229.7_ ,0.0_ ,118.2_ ,195.2_ ,6.1_ ,1028.1_ ,757.6_ ,56_ ,31.35_ 
229.7_ ,0.0_ ,118.2_ ,195.2_ ,6.1_ ,1028.1_ ,757.6_ ,100_ ,40.86_ 
238.1_ ,0.0_ ,94.1_ ,186.7_ ,7.0_ ,949.9_ ,847.0_ ,3_ ,19.93_ 
238.1_ ,0.0_ ,94.1_ ,186.7_ ,7.0_ ,949.9_ ,847.0_ ,14_ ,25.69_ 
238.1_ ,0.0_ ,94.1_ ,186.7_ ,7.0_ ,949.9_ ,847.0_ ,28_ ,30.23_ 
238.1_ ,0.0_ ,94.1_ ,186.7_ ,7.0_ ,949.9_ ,847.0_ ,56_ ,39.59_ 
238.1_ ,0.0_ ,94.1_ ,186.7_ ,7.0_ ,949.9_ ,847.0_ ,100_ ,44.30_ 
250.0_ ,0.0_ ,95.7_ ,187.4_ ,5.5_ ,956.9_ ,861.2_ ,3_ ,13.82_ 
250.0_ ,0.0_ ,95.7_ ,187.4_ ,5.5_ ,956.9_ ,861.2_ ,14_ ,24.92_ 
250.0_ ,0.0_ ,95.7_ ,187.4_ ,5.5_ ,956.9_ ,861.2_ ,28_ ,29.22_ 
250.0_ ,0.0_ ,95.7_ ,187.4_ ,5.5_ ,956.9_ ,861.2_ ,56_ ,38.33_ 
250.0_ ,0.0_ ,95.7_ ,187.4_ ,5.5_ ,956.9_ ,861.2_ ,100_ ,42.35_ 
212.5_ ,0.0_ ,100.4_ ,159.3_ ,8.7_ ,1007.8_ ,903.6_ ,3_ ,13.54_ 
212.5_ ,0.0_ ,100.4_ ,159.3_ ,8.7_ ,1007.8_ ,903.6_ ,14_ ,26.31_ 
212.5_ ,0.0_ ,100.4_ ,159.3_ ,8.7_ ,1007.8_ ,903.6_ ,28_ ,31.64_ 
212.5_ ,0.0_ ,100.4_ ,159.3_ ,8.7_ ,1007.8_ ,903.6_ ,56_ ,42.55_ 
212.5_ ,0.0_ ,100.4_ ,159.3_ ,8.7_ ,1007.8_ ,903.6_ ,100_ ,42.92_ 
212.6_ ,0.0_ ,100.4_ ,159.3_ ,10.4_ ,1003.8_ ,903.8_ ,3_ ,13.33_ 
212.6_ ,0.0_ ,100.4_ ,159.3_ ,10.4_ ,1003.8_ ,903.8_ ,14_ ,25.37_ 
212.6_ ,0.0_ ,100.4_ ,159.3_ ,10.4_ ,1003.8_ ,903.8_ ,28_ ,37.40_ 
212.6_ ,0.0_ ,100.4_ ,159.3_ ,10.4_ ,1003.8_ ,903.8_ ,56_ ,44.40_ 
212.6_ ,0.0_ ,100.4_ ,159.3_ ,10.4_ ,1003.8_ ,903.8_ ,100_ ,47.74_ 
212.0_ ,0.0_ ,124.8_ ,159.0_ ,7.8_ ,1085.4_ ,799.5_ ,3_ ,19.52_ 
212.0_ ,0.0_ ,124.8_ ,159.0_ ,7.8_ ,1085.4_ ,799.5_ ,14_ ,31.35_ 
212.0_ ,0.0_ ,124.8_ ,159.0_ ,7.8_ ,1085.4_ ,799.5_ ,28_ ,38.50_ 
212.0_ ,0.0_ ,124.8_ ,159.0_ ,7.8_ ,1085.4_ ,799.5_ ,56_ ,45.08_ 
212.0_ ,0.0_ ,124.8_ ,159.0_ ,7.8_ ,1085.4_ ,799.5_ ,100_ ,47.82_ 
231.8_ ,0.0_ ,121.6_ ,174.0_ ,6.7_ ,1056.4_ ,778.5_ ,3_ ,15.44_ 
231.8_ ,0.0_ ,121.6_ ,174.0_ ,6.7_ ,1056.4_ ,778.5_ ,14_ ,26.77_ 
231.8_ ,0.0_ ,121.6_ ,174.0_ ,6.7_ ,1056.4_ ,778.5_ ,28_ ,33.73_ 
231.8_ ,0.0_ ,121.6_ ,174.0_ ,6.7_ ,1056.4_ ,778.5_ ,56_ ,42.70_ 
231.8_ ,0.0_ ,121.6_ ,174.0_ ,6.7_ ,1056.4_ ,778.5_ ,100_ ,45.84_ 
251.4_ ,0.0_ ,118.3_ ,188.4_ ,5.8_ ,1028.4_ ,757.7_ ,3_ ,17.22_ 
251.4_ ,0.0_ ,118.3_ ,188.4_ ,5.8_ ,1028.4_ ,757.7_ ,14_ ,29.93_ 
251.4_ ,0.0_ ,118.3_ ,188.4_ ,5.8_ ,1028.4_ ,757.7_ ,28_ ,29.65_ 
251.4_ ,0.0_ ,118.3_ ,188.4_ ,5.8_ ,1028.4_ ,757.7_ ,56_ ,36.97_ 
251.4_ ,0.0_ ,118.3_ ,188.4_ ,5.8_ ,1028.4_ ,757.7_ ,100_ ,43.58_ 
251.4_ ,0.0_ ,118.3_ ,188.4_ ,6.3_ ,1028.4_ ,757.7_ ,3_ ,13.12_ 
251.4_ ,0.0_ ,118.3_ ,188.4_ ,6.3_ ,1028.4_ ,757.7_ ,14_ ,24.43_ 
251.4_ ,0.0_ ,118.3_ ,188.4_ ,6.3_ ,1028.4_ ,757.7_ ,28_ ,32.66_ 
251.4_ ,0.0_ ,118.3_ ,188.4_ ,6.3_ ,1028.4_ ,757.7_ ,56_ ,36.64_ 
251.4_ ,0.0_ ,118.3_ ,188.4_ ,6.3_ ,1028.4_ ,757.7_ ,100_ ,44.21_ 
181.4_ ,0.0_ ,167.0_ ,169.6_ ,7.6_ ,1055.6_ ,777.8_ ,3_ ,13.62_ 
181.4_ ,0.0_ ,167.0_ ,169.6_ ,7.6_ ,1055.6_ ,777.8_ ,14_ ,21.60_ 
181.4_ ,0.0_ ,167.0_ ,169.6_ ,7.6_ ,1055.6_ ,777.8_ ,28_ ,27.77_ 
181.4_ ,0.0_ ,167.0_ ,169.6_ ,7.6_ ,1055.6_ ,777.8_ ,56_ ,35.57_ 
181.4_ ,0.0_ ,167.0_ ,169.6_ ,7.6_ ,1055.6_ ,777.8_ ,100_ ,45.37_ 
182.0_ ,45.2_ ,122.0_ ,170.2_ ,8.2_ ,1059.4_ ,780.6_ ,3_ ,7.32_ 
182.0_ ,45.2_ ,122.0_ ,170.2_ ,8.2_ ,1059.4_ ,780.6_ ,14_ ,21.50_ 
182.0_ ,45.2_ ,122.0_ ,170.2_ ,8.2_ ,1059.4_ ,780.6_ ,28_ ,31.27_ 
182.0_ ,45.2_ ,122.0_ ,170.2_ ,8.2_ ,1059.4_ ,780.6_ ,56_ ,43.50_ 
182.0_ ,45.2_ ,122.0_ ,170.2_ ,8.2_ ,1059.4_ ,780.6_ ,100_ ,48.67_ 
168.9_ ,42.2_ ,124.2_ ,158.3_ ,10.8_ ,1080.8_ ,796.1_ ,3_ ,7.40_ 
168.9_ ,42.2_ ,124.2_ ,158.3_ ,10.8_ ,1080.8_ ,796.1_ ,14_ ,23.51_ 
168.9_ ,42.2_ ,124.2_ ,158.3_ ,10.8_ ,1080.8_ ,796.1_ ,28_ ,31.12_ 
168.9_ ,42.2_ ,124.2_ ,158.3_ ,10.8_ ,1080.8_ ,796.1_ ,56_ ,39.15_ 
168.9_ ,42.2_ ,124.2_ ,158.3_ ,10.8_ ,1080.8_ ,796.1_ ,100_ ,48.15_ 
290.4_ ,0.0_ ,96.2_ ,168.1_ ,9.4_ ,961.2_ ,865.0_ ,3_ ,22.50_ 
290.4_ ,0.0_ ,96.2_ ,168.1_ ,9.4_ ,961.2_ ,865.0_ ,14_ ,34.67_ 
290.4_ ,0.0_ ,96.2_ ,168.1_ ,9.4_ ,961.2_ ,865.0_ ,28_ ,34.74_ 
290.4_ ,0.0_ ,96.2_ ,168.1_ ,9.4_ ,961.2_ ,865.0_ ,56_ ,45.08_ 
290.4_ ,0.0_ ,96.2_ ,168.1_ ,9.4_ ,961.2_ ,865.0_ ,100_ ,48.97_ 
277.1_ ,0.0_ ,97.4_ ,160.6_ ,11.8_ ,973.9_ ,875.6_ ,3_ ,23.14_ 
277.1_ ,0.0_ ,97.4_ ,160.6_ ,11.8_ ,973.9_ ,875.6_ ,14_ ,41.89_ 
277.1_ ,0.0_ ,97.4_ ,160.6_ ,11.8_ ,973.9_ ,875.6_ ,28_ ,48.28_ 
277.1_ ,0.0_ ,97.4_ ,160.6_ ,11.8_ ,973.9_ ,875.6_ ,56_ ,51.04_ 
277.1_ ,0.0_ ,97.4_ ,160.6_ ,11.8_ ,973.9_ ,875.6_ ,100_ ,55.64_ 
295.7_ ,0.0_ ,95.6_ ,171.5_ ,8.9_ ,955.1_ ,859.2_ ,3_ ,22.95_ 
295.7_ ,0.0_ ,95.6_ ,171.5_ ,8.9_ ,955.1_ ,859.2_ ,14_ ,35.23_ 
295.7_ ,0.0_ ,95.6_ ,171.5_ ,8.9_ ,955.1_ ,859.2_ ,28_ ,39.94_ 
295.7_ ,0.0_ ,95.6_ ,171.5_ ,8.9_ ,955.1_ ,859.2_ ,56_ ,48.72_ 
295.7_ ,0.0_ ,95.6_ ,171.5_ ,8.9_ ,955.1_ ,859.2_ ,100_ ,52.04_ 
251.8_ ,0.0_ ,99.9_ ,146.1_ ,12.3_ ,1006.0_ ,899.8_ ,3_ ,21.02_ 
251.8_ ,0.0_ ,99.9_ ,146.1_ ,12.3_ ,1006.0_ ,899.8_ ,14_ ,33.36_ 
251.8_ ,0.0_ ,99.9_ ,146.1_ ,12.3_ ,1006.0_ ,899.8_ ,28_ ,33.94_ 
251.8_ ,0.0_ ,99.9_ ,146.1_ ,12.3_ ,1006.0_ ,899.8_ ,56_ ,44.14_ 
251.8_ ,0.0_ ,99.9_ ,146.1_ ,12.3_ ,1006.0_ ,899.8_ ,100_ ,45.37_ 
249.1_ ,0.0_ ,98.8_ ,158.1_ ,12.8_ ,987.8_ ,889.0_ ,3_ ,15.36_ 
249.1_ ,0.0_ ,98.8_ ,158.1_ ,12.8_ ,987.8_ ,889.0_ ,14_ ,28.68_ 
249.1_ ,0.0_ ,98.8_ ,158.1_ ,12.8_ ,987.8_ ,889.0_ ,28_ ,30.85_ 
249.1_ ,0.0_ ,98.8_ ,158.1_ ,12.8_ ,987.8_ ,889.0_ ,56_ ,42.03_ 
249.1_ ,0.0_ ,98.8_ ,158.1_ ,12.8_ ,987.8_ ,889.0_ ,100_ ,51.06_ 
252.3_ ,0.0_ ,98.8_ ,146.2_ ,14.2_ ,987.8_ ,889.0_ ,3_ ,21.78_ 
252.3_ ,0.0_ ,98.8_ ,146.2_ ,14.2_ ,987.8_ ,889.0_ ,14_ ,42.29_ 
252.3_ ,0.0_ ,98.8_ ,146.2_ ,14.2_ ,987.8_ ,889.0_ ,28_ ,50.60_ 
252.3_ ,0.0_ ,98.8_ ,146.2_ ,14.2_ ,987.8_ ,889.0_ ,56_ ,55.83_ 
252.3_ ,0.0_ ,98.8_ ,146.2_ ,14.2_ ,987.8_ ,889.0_ ,100_ ,60.95_ 
246.8_ ,0.0_ ,125.1_ ,143.3_ ,12.0_ ,1086.8_ ,800.9_ ,3_ ,23.52_ 
246.8_ ,0.0_ ,125.1_ ,143.3_ ,12.0_ ,1086.8_ ,800.9_ ,14_ ,42.22_ 
246.8_ ,0.0_ ,125.1_ ,143.3_ ,12.0_ ,1086.8_ ,800.9_ ,28_ ,52.50_ 
246.8_ ,0.0_ ,125.1_ ,143.3_ ,12.0_ ,1086.8_ ,800.9_ ,56_ ,60.32_ 
246.8_ ,0.0_ ,125.1_ ,143.3_ ,12.0_ ,1086.8_ ,800.9_ ,100_ ,66.42_ 
275.1_ ,0.0_ ,121.3_ ,159.5_ ,9.9_ ,1053.6_ ,777.5_ ,3_ ,23.80_ 
275.1_ ,0.0_ ,121.3_ ,159.5_ ,9.9_ ,1053.6_ ,777.5_ ,14_ ,38.77_ 
275.1_ ,0.0_ ,121.3_ ,159.5_ ,9.9_ ,1053.6_ ,777.5_ ,28_ ,51.33_ 
275.1_ ,0.0_ ,121.3_ ,159.5_ ,9.9_ ,1053.6_ ,777.5_ ,56_ ,56.85_ 
275.1_ ,0.0_ ,121.3_ ,159.5_ ,9.9_ ,1053.6_ ,777.5_ ,100_ ,58.61_ 
297.2_ ,0.0_ ,117.5_ ,174.8_ ,9.5_ ,1022.8_ ,753.5_ ,3_ ,21.91_ 
297.2_ ,0.0_ ,117.5_ ,174.8_ ,9.5_ ,1022.8_ ,753.5_ ,14_ ,36.99_ 
297.2_ ,0.0_ ,117.5_ ,174.8_ ,9.5_ ,1022.8_ ,753.5_ ,28_ ,47.40_ 
297.2_ ,0.0_ ,117.5_ ,174.8_ ,9.5_ ,1022.8_ ,753.5_ ,56_ ,51.96_ 
297.2_ ,0.0_ ,117.5_ ,174.8_ ,9.5_ ,1022.8_ ,753.5_ ,100_ ,56.74_ 
213.7_ ,0.0_ ,174.7_ ,154.8_ ,10.2_ ,1053.5_ ,776.4_ ,3_ ,17.57_ 
213.7_ ,0.0_ ,174.7_ ,154.8_ ,10.2_ ,1053.5_ ,776.4_ ,14_ ,33.73_ 
213.7_ ,0.0_ ,174.7_ ,154.8_ ,10.2_ ,1053.5_ ,776.4_ ,28_ ,40.15_ 
213.7_ ,0.0_ ,174.7_ ,154.8_ ,10.2_ ,1053.5_ ,776.4_ ,56_ ,46.64_ 
213.7_ ,0.0_ ,174.7_ ,154.8_ ,10.2_ ,1053.5_ ,776.4_ ,100_ ,50.08_ 
213.5_ ,0.0_ ,174.2_ ,154.6_ ,11.7_ ,1052.3_ ,775.5_ ,3_ ,17.37_ 
213.5_ ,0.0_ ,174.2_ ,154.6_ ,11.7_ ,1052.3_ ,775.5_ ,14_ ,33.70_ 
213.5_ ,0.0_ ,174.2_ ,154.6_ ,11.7_ ,1052.3_ ,775.5_ ,28_ ,45.94_ 
213.5_ ,0.0_ ,174.2_ ,154.6_ ,11.7_ ,1052.3_ ,775.5_ ,56_ ,51.43_ 
213.5_ ,0.0_ ,174.2_ ,154.6_ ,11.7_ ,1052.3_ ,775.5_ ,100_ ,59.30_ 
277.2_ ,97.8_ ,24.5_ ,160.7_ ,11.2_ ,1061.7_ ,782.5_ ,3_ ,30.45_ 
277.2_ ,97.8_ ,24.5_ ,160.7_ ,11.2_ ,1061.7_ ,782.5_ ,14_ ,47.71_ 
277.2_ ,97.8_ ,24.5_ ,160.7_ ,11.2_ ,1061.7_ ,782.5_ ,28_ ,63.14_ 
277.2_ ,97.8_ ,24.5_ ,160.7_ ,11.2_ ,1061.7_ ,782.5_ ,56_ ,66.82_ 
277.2_ ,97.8_ ,24.5_ ,160.7_ ,11.2_ ,1061.7_ ,782.5_ ,100_ ,66.95_ 
218.2_ ,54.6_ ,123.8_ ,140.8_ ,11.9_ ,1075.7_ ,792.7_ ,3_ ,27.42_ 
218.2_ ,54.6_ ,123.8_ ,140.8_ ,11.9_ ,1075.7_ ,792.7_ ,14_ ,35.96_ 
218.2_ ,54.6_ ,123.8_ ,140.8_ ,11.9_ ,1075.7_ ,792.7_ ,28_ ,55.51_ 
218.2_ ,54.6_ ,123.8_ ,140.8_ ,11.9_ ,1075.7_ ,792.7_ ,56_ ,61.99_ 
218.2_ ,54.6_ ,123.8_ ,140.8_ ,11.9_ ,1075.7_ ,792.7_ ,100_ ,63.53_ 
214.9_ ,53.8_ ,121.9_ ,155.6_ ,9.6_ ,1014.3_ ,780.6_ ,3_ ,18.02_ 
214.9_ ,53.8_ ,121.9_ ,155.6_ ,9.6_ ,1014.3_ ,780.6_ ,14_ ,38.60_ 
214.9_ ,53.8_ ,121.9_ ,155.6_ ,9.6_ ,1014.3_ ,780.6_ ,28_ ,52.20_ 
214.9_ ,53.8_ ,121.9_ ,155.6_ ,9.6_ ,1014.3_ ,780.6_ ,56_ ,53.96_ 
214.9_ ,53.8_ ,121.9_ ,155.6_ ,9.6_ ,1014.3_ ,780.6_ ,100_ ,56.63_ 
218.8_ ,0.0_ ,124.1_ ,158.5_ ,11.3_ ,1078.7_ ,794.9_ ,3_ ,15.34_ 
218.8_ ,0.0_ ,124.1_ ,158.5_ ,11.3_ ,1078.7_ ,794.9_ ,14_ ,26.05_ 
218.8_ ,0.0_ ,124.1_ ,158.5_ ,11.3_ ,1078.7_ ,794.9_ ,28_ ,30.22_ 
218.8_ ,0.0_ ,124.1_ ,158.5_ ,11.3_ ,1078.7_ ,794.9_ ,56_ ,37.27_ 
218.8_ ,0.0_ ,124.1_ ,158.5_ ,11.3_ ,1078.7_ ,794.9_ ,100_ ,46.23_ 
376.0_ ,0.0_ ,0.0_ ,214.6_ ,0.0_ ,1003.5_ ,762.4_ ,3_ ,16.28_ 
376.0_ ,0.0_ ,0.0_ ,214.6_ ,0.0_ ,1003.5_ ,762.4_ ,14_ ,25.62_ 
376.0_ ,0.0_ ,0.0_ ,214.6_ ,0.0_ ,1003.5_ ,762.4_ ,28_ ,31.97_ 
376.0_ ,0.0_ ,0.0_ ,214.6_ ,0.0_ ,1003.5_ ,762.4_ ,56_ ,36.30_ 
376.0_ ,0.0_ ,0.0_ ,214.6_ ,0.0_ ,1003.5_ ,762.4_ ,100_ ,43.06_ 
500.0_ ,0.0_ ,0.0_ ,140.0_ ,4.0_ ,966.0_ ,853.0_ ,28_ ,67.57_ 
475.0_ ,0.0_ ,59.0_ ,142.0_ ,1.9_ ,1098.0_ ,641.0_ ,28_ ,57.23_ 
315.0_ ,137.0_ ,0.0_ ,145.0_ ,5.9_ ,1130.0_ ,745.0_ ,28_ ,81.75_ 
505.0_ ,0.0_ ,60.0_ ,195.0_ ,0.0_ ,1030.0_ ,630.0_ ,28_ ,64.02_ 
451.0_ ,0.0_ ,0.0_ ,165.0_ ,11.2_ ,1030.0_ ,745.0_ ,28_ ,78.80_ 
516.0_ ,0.0_ ,0.0_ ,162.0_ ,8.2_ ,801.0_ ,802.0_ ,28_ ,41.37_ 
520.0_ ,0.0_ ,0.0_ ,170.0_ ,5.2_ ,855.0_ ,855.0_ ,28_ ,60.28_ 
528.0_ ,0.0_ ,0.0_ ,185.0_ ,6.9_ ,920.0_ ,720.0_ ,28_ ,56.83_ 
520.0_ ,0.0_ ,0.0_ ,175.0_ ,5.2_ ,870.0_ ,805.0_ ,28_ ,51.02_ 
385.0_ ,0.0_ ,136.0_ ,158.0_ ,20.0_ ,903.0_ ,768.0_ ,28_ ,55.55_ 
500.1_ ,0.0_ ,0.0_ ,200.0_ ,3.0_ ,1124.4_ ,613.2_ ,28_ ,44.13_ 
450.1_ ,50.0_ ,0.0_ ,200.0_ ,3.0_ ,1124.4_ ,613.2_ ,28_ ,39.38_ 
397.0_ ,17.2_ ,158.0_ ,167.0_ ,20.8_ ,967.0_ ,633.0_ ,28_ ,55.65_ 
333.0_ ,17.5_ ,163.0_ ,167.0_ ,17.9_ ,996.0_ ,652.0_ ,28_ ,47.28_ 
334.0_ ,17.6_ ,158.0_ ,189.0_ ,15.3_ ,967.0_ ,633.0_ ,28_ ,44.33_ 
405.0_ ,0.0_ ,0.0_ ,175.0_ ,0.0_ ,1120.0_ ,695.0_ ,28_ ,52.30_ 
200.0_ ,200.0_ ,0.0_ ,190.0_ ,0.0_ ,1145.0_ ,660.0_ ,28_ ,49.25_ 
516.0_ ,0.0_ ,0.0_ ,162.0_ ,8.3_ ,801.0_ ,802.0_ ,28_ ,41.37_ 
145.0_ ,116.0_ ,119.0_ ,184.0_ ,5.7_ ,833.0_ ,880.0_ ,28_ ,29.16_ 
160.0_ ,128.0_ ,122.0_ ,182.0_ ,6.4_ ,824.0_ ,879.0_ ,28_ ,39.40_ 
234.0_ ,156.0_ ,0.0_ ,189.0_ ,5.8_ ,981.0_ ,760.0_ ,28_ ,39.30_ 
250.0_ ,180.0_ ,95.0_ ,159.0_ ,9.4_ ,860.0_ ,800.0_ ,28_ ,67.87_ 
475.0_ ,0.0_ ,0.0_ ,162.0_ ,9.5_ ,1044.0_ ,662.0_ ,28_ ,58.52_ 
285.0_ ,190.0_ ,0.0_ ,163.0_ ,7.6_ ,1031.0_ ,685.0_ ,28_ ,53.58_ 
356.0_ ,119.0_ ,0.0_ ,160.0_ ,9.0_ ,1061.0_ ,657.0_ ,28_ ,59.00_ 
275.0_ ,180.0_ ,120.0_ ,162.0_ ,10.3_ ,830.0_ ,765.0_ ,28_ ,76.24_ 
500.0_ ,0.0_ ,0.0_ ,151.0_ ,9.0_ ,1033.0_ ,655.0_ ,28_ ,69.84_ 
165.0_ ,0.0_ ,143.6_ ,163.8_ ,0.0_ ,1005.6_ ,900.9_ ,3_ ,14.40_ 
165.0_ ,128.5_ ,132.1_ ,175.1_ ,8.1_ ,1005.8_ ,746.6_ ,3_ ,19.42_ 
178.0_ ,129.8_ ,118.6_ ,179.9_ ,3.6_ ,1007.3_ ,746.8_ ,3_ ,20.73_ 
167.3_ ,129.9_ ,128.6_ ,175.5_ ,7.8_ ,1006.3_ ,746.6_ ,3_ ,14.94_ 
172.4_ ,13.6_ ,172.4_ ,156.8_ ,4.1_ ,1006.3_ ,856.4_ ,3_ ,21.29_ 
173.5_ ,50.0_ ,173.5_ ,164.8_ ,6.5_ ,1006.2_ ,793.5_ ,3_ ,23.08_ 
167.0_ ,75.4_ ,167.0_ ,164.0_ ,7.9_ ,1007.3_ ,770.1_ ,3_ ,15.52_ 
173.8_ ,93.4_ ,159.9_ ,172.3_ ,9.7_ ,1007.2_ ,746.6_ ,3_ ,15.82_ 
190.3_ ,0.0_ ,125.2_ ,166.6_ ,9.9_ ,1079.0_ ,798.9_ ,3_ ,12.55_ 
250.0_ ,0.0_ ,95.7_ ,191.8_ ,5.3_ ,948.9_ ,857.2_ ,3_ ,8.49_ 
213.5_ ,0.0_ ,174.2_ ,159.2_ ,11.7_ ,1043.6_ ,771.9_ ,3_ ,15.61_ 
194.7_ ,0.0_ ,100.5_ ,170.2_ ,7.5_ ,998.0_ ,901.8_ ,3_ ,12.18_ 
251.4_ ,0.0_ ,118.3_ ,192.9_ ,5.8_ ,1043.6_ ,754.3_ ,3_ ,11.98_ 
165.0_ ,0.0_ ,143.6_ ,163.8_ ,0.0_ ,1005.6_ ,900.9_ ,14_ ,16.88_ 
165.0_ ,128.5_ ,132.1_ ,175.1_ ,8.1_ ,1005.8_ ,746.6_ ,14_ ,33.09_ 
178.0_ ,129.8_ ,118.6_ ,179.9_ ,3.6_ ,1007.3_ ,746.8_ ,14_ ,34.24_ 
167.3_ ,129.9_ ,128.6_ ,175.5_ ,7.8_ ,1006.3_ ,746.6_ ,14_ ,31.81_ 
172.4_ ,13.6_ ,172.4_ ,156.8_ ,4.1_ ,1006.3_ ,856.4_ ,14_ ,29.75_ 
173.5_ ,50.0_ ,173.5_ ,164.8_ ,6.5_ ,1006.2_ ,793.5_ ,14_ ,33.01_ 
167.0_ ,75.4_ ,167.0_ ,164.0_ ,7.9_ ,1007.3_ ,770.1_ ,14_ ,32.90_ 
173.8_ ,93.4_ ,159.9_ ,172.3_ ,9.7_ ,1007.2_ ,746.6_ ,14_ ,29.55_ 
190.3_ ,0.0_ ,125.2_ ,166.6_ ,9.9_ ,1079.0_ ,798.9_ ,14_ ,19.42_ 
250.0_ ,0.0_ ,95.7_ ,191.8_ ,5.3_ ,948.9_ ,857.2_ ,14_ ,24.66_ 
213.5_ ,0.0_ ,174.2_ ,159.2_ ,11.7_ ,1043.6_ ,771.9_ ,14_ ,29.59_ 
194.7_ ,0.0_ ,100.5_ ,170.2_ ,7.5_ ,998.0_ ,901.8_ ,14_ ,24.28_ 
251.4_ ,0.0_ ,118.3_ ,192.9_ ,5.8_ ,1043.6_ ,754.3_ ,14_ ,20.73_ 
165.0_ ,0.0_ ,143.6_ ,163.8_ ,0.0_ ,1005.6_ ,900.9_ ,28_ ,26.20_ 
165.0_ ,128.5_ ,132.1_ ,175.1_ ,8.1_ ,1005.8_ ,746.6_ ,28_ ,46.39_ 
178.0_ ,129.8_ ,118.6_ ,179.9_ ,3.6_ ,1007.3_ ,746.8_ ,28_ ,39.16_ 
167.3_ ,129.9_ ,128.6_ ,175.5_ ,7.8_ ,1006.3_ ,746.6_ ,28_ ,41.20_ 
172.4_ ,13.6_ ,172.4_ ,156.8_ ,4.1_ ,1006.3_ ,856.4_ ,28_ ,33.69_ 
173.5_ ,50.0_ ,173.5_ ,164.8_ ,6.5_ ,1006.2_ ,793.5_ ,28_ ,38.20_ 
167.0_ ,75.4_ ,167.0_ ,164.0_ ,7.9_ ,1007.3_ ,770.1_ ,28_ ,41.41_ 
173.8_ ,93.4_ ,159.9_ ,172.3_ ,9.7_ ,1007.2_ ,746.6_ ,28_ ,37.81_ 
190.3_ ,0.0_ ,125.2_ ,166.6_ ,9.9_ ,1079.0_ ,798.9_ ,28_ ,24.85_ 
250.0_ ,0.0_ ,95.7_ ,191.8_ ,5.3_ ,948.9_ ,857.2_ ,28_ ,27.22_ 
213.5_ ,0.0_ ,174.2_ ,159.2_ ,11.7_ ,1043.6_ ,771.9_ ,28_ ,44.64_ 
194.7_ ,0.0_ ,100.5_ ,170.2_ ,7.5_ ,998.0_ ,901.8_ ,28_ ,37.27_ 
251.4_ ,0.0_ ,118.3_ ,192.9_ ,5.8_ ,1043.6_ ,754.3_ ,28_ ,33.27_ 
165.0_ ,0.0_ ,143.6_ ,163.8_ ,0.0_ ,1005.6_ ,900.9_ ,56_ ,36.56_ 
165.0_ ,128.5_ ,132.1_ ,175.1_ ,8.1_ ,1005.8_ ,746.6_ ,56_ ,53.72_ 
178.0_ ,129.8_ ,118.6_ ,179.9_ ,3.6_ ,1007.3_ ,746.8_ ,56_ ,48.59_ 
167.3_ ,129.9_ ,128.6_ ,175.5_ ,7.8_ ,1006.3_ ,746.6_ ,56_ ,51.72_ 
172.4_ ,13.6_ ,172.4_ ,156.8_ ,4.1_ ,1006.3_ ,856.4_ ,56_ ,35.85_ 
173.5_ ,50.0_ ,173.5_ ,164.8_ ,6.5_ ,1006.2_ ,793.5_ ,56_ ,53.77_ 
167.0_ ,75.4_ ,167.0_ ,164.0_ ,7.9_ ,1007.3_ ,770.1_ ,56_ ,53.46_ 
173.8_ ,93.4_ ,159.9_ ,172.3_ ,9.7_ ,1007.2_ ,746.6_ ,56_ ,48.99_ 
190.3_ ,0.0_ ,125.2_ ,166.6_ ,9.9_ ,1079.0_ ,798.9_ ,56_ ,31.72_ 
250.0_ ,0.0_ ,95.7_ ,191.8_ ,5.3_ ,948.9_ ,857.2_ ,56_ ,39.64_ 
213.5_ ,0.0_ ,174.2_ ,159.2_ ,11.7_ ,1043.6_ ,771.9_ ,56_ ,51.26_ 
194.7_ ,0.0_ ,100.5_ ,170.2_ ,7.5_ ,998.0_ ,901.8_ ,56_ ,43.39_ 
251.4_ ,0.0_ ,118.3_ ,192.9_ ,5.8_ ,1043.6_ ,754.3_ ,56_ ,39.27_ 
165.0_ ,0.0_ ,143.6_ ,163.8_ ,0.0_ ,1005.6_ ,900.9_ ,100_ ,37.96_ 
165.0_ ,128.5_ ,132.1_ ,175.1_ ,8.1_ ,1005.8_ ,746.6_ ,100_ ,55.02_ 
178.0_ ,129.8_ ,118.6_ ,179.9_ ,3.6_ ,1007.3_ ,746.8_ ,100_ ,49.99_ 
167.3_ ,129.9_ ,128.6_ ,175.5_ ,7.8_ ,1006.3_ ,746.6_ ,100_ ,53.66_ 
172.4_ ,13.6_ ,172.4_ ,156.8_ ,4.1_ ,1006.3_ ,856.4_ ,100_ ,37.68_ 
173.5_ ,50.0_ ,173.5_ ,164.8_ ,6.5_ ,1006.2_ ,793.5_ ,100_ ,56.06_ 
167.0_ ,75.4_ ,167.0_ ,164.0_ ,7.9_ ,1007.3_ ,770.1_ ,100_ ,56.81_ 
173.8_ ,93.4_ ,159.9_ ,172.3_ ,9.7_ ,1007.2_ ,746.6_ ,100_ ,50.94_ 
190.3_ ,0.0_ ,125.2_ ,166.6_ ,9.9_ ,1079.0_ ,798.9_ ,100_ ,33.56_ 
250.0_ ,0.0_ ,95.7_ ,191.8_ ,5.3_ ,948.9_ ,857.2_ ,100_ ,41.16_ 
213.5_ ,0.0_ ,174.2_ ,159.2_ ,11.7_ ,1043.6_ ,771.9_ ,100_ ,52.96_ 
194.7_ ,0.0_ ,100.5_ ,170.2_ ,7.5_ ,998.0_ ,901.8_ ,100_ ,44.28_ 
251.4_ ,0.0_ ,118.3_ ,192.9_ ,5.8_ ,1043.6_ ,754.3_ ,100_ ,40.15_ 
446.0_ ,24.0_ ,79.0_ ,162.0_ ,11.6_ ,967.0_ ,712.0_ ,28_ ,57.03_ 
446.0_ ,24.0_ ,79.0_ ,162.0_ ,11.6_ ,967.0_ ,712.0_ ,28_ ,44.42_ 
446.0_ ,24.0_ ,79.0_ ,162.0_ ,11.6_ ,967.0_ ,712.0_ ,28_ ,51.02_ 
446.0_ ,24.0_ ,79.0_ ,162.0_ ,10.3_ ,967.0_ ,712.0_ ,28_ ,53.39_ 
446.0_ ,24.0_ ,79.0_ ,162.0_ ,11.6_ ,967.0_ ,712.0_ ,3_ ,35.36_ 
446.0_ ,24.0_ ,79.0_ ,162.0_ ,11.6_ ,967.0_ ,712.0_ ,3_ ,25.02_ 
446.0_ ,24.0_ ,79.0_ ,162.0_ ,11.6_ ,967.0_ ,712.0_ ,3_ ,23.35_ 
446.0_ ,24.0_ ,79.0_ ,162.0_ ,11.6_ ,967.0_ ,712.0_ ,7_ ,52.01_ 
446.0_ ,24.0_ ,79.0_ ,162.0_ ,11.6_ ,967.0_ ,712.0_ ,7_ ,38.02_ 
446.0_ ,24.0_ ,79.0_ ,162.0_ ,11.6_ ,967.0_ ,712.0_ ,7_ ,39.30_ 
446.0_ ,24.0_ ,79.0_ ,162.0_ ,11.6_ ,967.0_ ,712.0_ ,56_ ,61.07_ 
446.0_ ,24.0_ ,79.0_ ,162.0_ ,11.6_ ,967.0_ ,712.0_ ,56_ ,56.14_ 
446.0_ ,24.0_ ,79.0_ ,162.0_ ,11.6_ ,967.0_ ,712.0_ ,56_ ,55.25_ 
446.0_ ,24.0_ ,79.0_ ,162.0_ ,10.3_ ,967.0_ ,712.0_ ,56_ ,54.77_ 
387.0_ ,20.0_ ,94.0_ ,157.0_ ,14.3_ ,938.0_ ,845.0_ ,28_ ,50.24_ 
387.0_ ,20.0_ ,94.0_ ,157.0_ ,13.9_ ,938.0_ ,845.0_ ,28_ ,46.68_ 
387.0_ ,20.0_ ,94.0_ ,157.0_ ,11.6_ ,938.0_ ,845.0_ ,28_ ,46.68_ 
387.0_ ,20.0_ ,94.0_ ,157.0_ ,14.3_ ,938.0_ ,845.0_ ,3_ ,22.75_ 
387.0_ ,20.0_ ,94.0_ ,157.0_ ,13.9_ ,938.0_ ,845.0_ ,3_ ,25.51_ 
387.0_ ,20.0_ ,94.0_ ,157.0_ ,11.6_ ,938.0_ ,845.0_ ,3_ ,34.77_ 
387.0_ ,20.0_ ,94.0_ ,157.0_ ,14.3_ ,938.0_ ,845.0_ ,7_ ,36.84_ 
387.0_ ,20.0_ ,94.0_ ,157.0_ ,13.9_ ,938.0_ ,845.0_ ,7_ ,45.90_ 
387.0_ ,20.0_ ,94.0_ ,157.0_ ,11.6_ ,938.0_ ,845.0_ ,7_ ,41.67_ 
387.0_ ,20.0_ ,94.0_ ,157.0_ ,14.3_ ,938.0_ ,845.0_ ,56_ ,56.34_ 
387.0_ ,20.0_ ,94.0_ ,157.0_ ,13.9_ ,938.0_ ,845.0_ ,56_ ,47.97_ 
387.0_ ,20.0_ ,94.0_ ,157.0_ ,11.6_ ,938.0_ ,845.0_ ,56_ ,61.46_ 
355.0_ ,19.0_ ,97.0_ ,145.0_ ,13.1_ ,967.0_ ,871.0_ ,28_ ,44.03_ 
355.0_ ,19.0_ ,97.0_ ,145.0_ ,12.2_ ,967.0_ ,871.0_ ,28_ ,55.45_ 
491.0_ ,26.0_ ,123.0_ ,210.0_ ,3.9_ ,882.0_ ,699.0_ ,28_ ,55.55_ 
491.0_ ,26.0_ ,123.0_ ,201.0_ ,3.9_ ,822.0_ ,699.0_ ,28_ ,57.92_ 
491.0_ ,26.0_ ,123.0_ ,210.0_ ,3.9_ ,882.0_ ,699.0_ ,3_ ,25.61_ 
491.0_ ,26.0_ ,123.0_ ,210.0_ ,3.9_ ,882.0_ ,699.0_ ,7_ ,33.49_ 
491.0_ ,26.0_ ,123.0_ ,210.0_ ,3.9_ ,882.0_ ,699.0_ ,56_ ,59.59_ 
491.0_ ,26.0_ ,123.0_ ,201.0_ ,3.9_ ,822.0_ ,699.0_ ,3_ ,29.55_ 
491.0_ ,26.0_ ,123.0_ ,201.0_ ,3.9_ ,822.0_ ,699.0_ ,7_ ,37.92_ 
491.0_ ,26.0_ ,123.0_ ,201.0_ ,3.9_ ,822.0_ ,699.0_ ,56_ ,61.86_ 
424.0_ ,22.0_ ,132.0_ ,178.0_ ,8.5_ ,822.0_ ,750.0_ ,28_ ,62.05_ 
424.0_ ,22.0_ ,132.0_ ,178.0_ ,8.5_ ,882.0_ ,750.0_ ,3_ ,32.01_ 
424.0_ ,22.0_ ,132.0_ ,168.0_ ,8.9_ ,822.0_ ,750.0_ ,28_ ,72.10_ 
424.0_ ,22.0_ ,132.0_ ,178.0_ ,8.5_ ,822.0_ ,750.0_ ,7_ ,39.00_ 
424.0_ ,22.0_ ,132.0_ ,178.0_ ,8.5_ ,822.0_ ,750.0_ ,56_ ,65.70_ 
424.0_ ,22.0_ ,132.0_ ,168.0_ ,8.9_ ,822.0_ ,750.0_ ,3_ ,32.11_ 
424.0_ ,22.0_ ,132.0_ ,168.0_ ,8.9_ ,822.0_ ,750.0_ ,7_ ,40.29_ 
424.0_ ,22.0_ ,132.0_ ,168.0_ ,8.9_ ,822.0_ ,750.0_ ,56_ ,74.36_ 
202.0_ ,11.0_ ,141.0_ ,206.0_ ,1.7_ ,942.0_ ,801.0_ ,28_ ,21.97_ 
202.0_ ,11.0_ ,141.0_ ,206.0_ ,1.7_ ,942.0_ ,801.0_ ,3_ ,9.85_ 
202.0_ ,11.0_ ,141.0_ ,206.0_ ,1.7_ ,942.0_ ,801.0_ ,7_ ,15.07_ 
202.0_ ,11.0_ ,141.0_ ,206.0_ ,1.7_ ,942.0_ ,801.0_ ,56_ ,23.25_ 
284.0_ ,15.0_ ,141.0_ ,179.0_ ,5.5_ ,842.0_ ,801.0_ ,28_ ,43.73_ 
284.0_ ,15.0_ ,141.0_ ,179.0_ ,5.5_ ,842.0_ ,801.0_ ,3_ ,13.40_ 
284.0_ ,15.0_ ,141.0_ ,179.0_ ,5.5_ ,842.0_ ,801.0_ ,7_ ,24.13_ 
284.0_ ,15.0_ ,141.0_ ,179.0_ ,5.5_ ,842.0_ ,801.0_ ,56_ ,44.52_ 
359.0_ ,19.0_ ,141.0_ ,154.0_ ,10.9_ ,942.0_ ,801.0_ ,28_ ,62.94_ 
359.0_ ,19.0_ ,141.0_ ,154.0_ ,10.9_ ,942.0_ ,801.0_ ,28_ ,59.49_ 
359.0_ ,19.0_ ,141.0_ ,154.0_ ,10.9_ ,942.0_ ,801.0_ ,3_ ,25.12_ 
359.0_ ,19.0_ ,141.0_ ,154.0_ ,10.9_ ,942.0_ ,801.0_ ,3_ ,23.64_ 
359.0_ ,19.0_ ,141.0_ ,154.0_ ,10.9_ ,942.0_ ,801.0_ ,7_ ,35.75_ 
359.0_ ,19.0_ ,141.0_ ,154.0_ ,10.9_ ,942.0_ ,801.0_ ,7_ ,38.61_ 
359.0_ ,19.0_ ,141.0_ ,154.0_ ,10.9_ ,942.0_ ,801.0_ ,56_ ,68.75_ 
359.0_ ,19.0_ ,141.0_ ,154.0_ ,10.9_ ,942.0_ ,801.0_ ,56_ ,66.78_ 
436.0_ ,0.0_ ,0.0_ ,218.0_ ,0.0_ ,838.4_ ,719.7_ ,28_ ,23.85_ 
289.0_ ,0.0_ ,0.0_ ,192.0_ ,0.0_ ,913.2_ ,895.3_ ,90_ ,32.07_ 
289.0_ ,0.0_ ,0.0_ ,192.0_ ,0.0_ ,913.2_ ,895.3_ ,3_ ,11.65_ 
393.0_ ,0.0_ ,0.0_ ,192.0_ ,0.0_ ,940.6_ ,785.6_ ,3_ ,19.20_ 
393.0_ ,0.0_ ,0.0_ ,192.0_ ,0.0_ ,940.6_ ,785.6_ ,90_ ,48.85_ 
393.0_ ,0.0_ ,0.0_ ,192.0_ ,0.0_ ,940.6_ ,785.6_ ,28_ ,39.60_ 
480.0_ ,0.0_ ,0.0_ ,192.0_ ,0.0_ ,936.2_ ,712.2_ ,28_ ,43.94_ 
480.0_ ,0.0_ ,0.0_ ,192.0_ ,0.0_ ,936.2_ ,712.2_ ,7_ ,34.57_ 
480.0_ ,0.0_ ,0.0_ ,192.0_ ,0.0_ ,936.2_ ,712.2_ ,90_ ,54.32_ 
480.0_ ,0.0_ ,0.0_ ,192.0_ ,0.0_ ,936.2_ ,712.2_ ,3_ ,24.40_ 
333.0_ ,0.0_ ,0.0_ ,192.0_ ,0.0_ ,931.2_ ,842.6_ ,3_ ,15.62_ 
255.0_ ,0.0_ ,0.0_ ,192.0_ ,0.0_ ,889.8_ ,945.0_ ,90_ ,21.86_ 
255.0_ ,0.0_ ,0.0_ ,192.0_ ,0.0_ ,889.8_ ,945.0_ ,7_ ,10.22_ 
289.0_ ,0.0_ ,0.0_ ,192.0_ ,0.0_ ,913.2_ ,895.3_ ,7_ ,14.60_ 
255.0_ ,0.0_ ,0.0_ ,192.0_ ,0.0_ ,889.8_ ,945.0_ ,28_ ,18.75_ 
333.0_ ,0.0_ ,0.0_ ,192.0_ ,0.0_ ,931.2_ ,842.6_ ,28_ ,31.97_ 
333.0_ ,0.0_ ,0.0_ ,192.0_ ,0.0_ ,931.2_ ,842.6_ ,7_ ,23.40_ 
289.0_ ,0.0_ ,0.0_ ,192.0_ ,0.0_ ,913.2_ ,895.3_ ,28_ ,25.57_ 
333.0_ ,0.0_ ,0.0_ ,192.0_ ,0.0_ ,931.2_ ,842.6_ ,90_ ,41.68_ 
393.0_ ,0.0_ ,0.0_ ,192.0_ ,0.0_ ,940.6_ ,785.6_ ,7_ ,27.74_ 
255.0_ ,0.0_ ,0.0_ ,192.0_ ,0.0_ ,889.8_ ,945.0_ ,3_ ,8.20_ 
158.8_ ,238.2_ ,0.0_ ,185.7_ ,0.0_ ,1040.6_ ,734.3_ ,7_ ,9.62_ 
239.6_ ,359.4_ ,0.0_ ,185.7_ ,0.0_ ,941.6_ ,664.3_ ,7_ ,25.42_ 
238.2_ ,158.8_ ,0.0_ ,185.7_ ,0.0_ ,1040.6_ ,734.3_ ,7_ ,15.69_ 
181.9_ ,272.8_ ,0.0_ ,185.7_ ,0.0_ ,1012.4_ ,714.3_ ,28_ ,27.94_ 
193.5_ ,290.2_ ,0.0_ ,185.7_ ,0.0_ ,998.2_ ,704.3_ ,28_ ,32.63_ 
255.5_ ,170.3_ ,0.0_ ,185.7_ ,0.0_ ,1026.6_ ,724.3_ ,7_ ,17.24_ 
272.8_ ,181.9_ ,0.0_ ,185.7_ ,0.0_ ,1012.4_ ,714.3_ ,7_ ,19.77_ 
239.6_ ,359.4_ ,0.0_ ,185.7_ ,0.0_ ,941.6_ ,664.3_ ,28_ ,39.44_ 
220.8_ ,147.2_ ,0.0_ ,185.7_ ,0.0_ ,1055.0_ ,744.3_ ,28_ ,25.75_ 
397.0_ ,0.0_ ,0.0_ ,185.7_ ,0.0_ ,1040.6_ ,734.3_ ,28_ ,33.08_ 
382.5_ ,0.0_ ,0.0_ ,185.7_ ,0.0_ ,1047.8_ ,739.3_ ,7_ ,24.07_ 
210.7_ ,316.1_ ,0.0_ ,185.7_ ,0.0_ ,977.0_ ,689.3_ ,7_ ,21.82_ 
158.8_ ,238.2_ ,0.0_ ,185.7_ ,0.0_ ,1040.6_ ,734.3_ ,28_ ,21.07_ 
295.8_ ,0.0_ ,0.0_ ,185.7_ ,0.0_ ,1091.4_ ,769.3_ ,7_ ,14.84_ 
255.5_ ,170.3_ ,0.0_ ,185.7_ ,0.0_ ,1026.6_ ,724.3_ ,28_ ,32.05_ 
203.5_ ,135.7_ ,0.0_ ,185.7_ ,0.0_ ,1076.2_ ,759.3_ ,7_ ,11.96_ 
397.0_ ,0.0_ ,0.0_ ,185.7_ ,0.0_ ,1040.6_ ,734.3_ ,7_ ,25.45_ 
381.4_ ,0.0_ ,0.0_ ,185.7_ ,0.0_ ,1104.6_ ,784.3_ ,28_ ,22.49_ 
295.8_ ,0.0_ ,0.0_ ,185.7_ ,0.0_ ,1091.4_ ,769.3_ ,28_ ,25.22_ 
228.0_ ,342.1_ ,0.0_ ,185.7_ ,0.0_ ,955.8_ ,674.3_ ,28_ ,39.70_ 
220.8_ ,147.2_ ,0.0_ ,185.7_ ,0.0_ ,1055.0_ ,744.3_ ,7_ ,13.09_ 
316.1_ ,210.7_ ,0.0_ ,185.7_ ,0.0_ ,977.0_ ,689.3_ ,28_ ,38.70_ 
135.7_ ,203.5_ ,0.0_ ,185.7_ ,0.0_ ,1076.2_ ,759.3_ ,7_ ,7.51_ 
238.1_ ,0.0_ ,0.0_ ,185.7_ ,0.0_ ,1118.8_ ,789.3_ ,28_ ,17.58_ 
339.2_ ,0.0_ ,0.0_ ,185.7_ ,0.0_ ,1069.2_ ,754.3_ ,7_ ,21.18_ 
135.7_ ,203.5_ ,0.0_ ,185.7_ ,0.0_ ,1076.2_ ,759.3_ ,28_ ,18.20_ 
193.5_ ,290.2_ ,0.0_ ,185.7_ ,0.0_ ,998.2_ ,704.3_ ,7_ ,17.20_ 
203.5_ ,135.7_ ,0.0_ ,185.7_ ,0.0_ ,1076.2_ ,759.3_ ,28_ ,22.63_ 
290.2_ ,193.5_ ,0.0_ ,185.7_ ,0.0_ ,998.2_ ,704.3_ ,7_ ,21.86_ 
181.9_ ,272.8_ ,0.0_ ,185.7_ ,0.0_ ,1012.4_ ,714.3_ ,7_ ,12.37_ 
170.3_ ,155.5_ ,0.0_ ,185.7_ ,0.0_ ,1026.6_ ,724.3_ ,28_ ,25.73_ 
210.7_ ,316.1_ ,0.0_ ,185.7_ ,0.0_ ,977.0_ ,689.3_ ,28_ ,37.81_ 
228.0_ ,342.1_ ,0.0_ ,185.7_ ,0.0_ ,955.8_ ,674.3_ ,7_ ,21.92_ 
290.2_ ,193.5_ ,0.0_ ,185.7_ ,0.0_ ,998.2_ ,704.3_ ,28_ ,33.04_ 
381.4_ ,0.0_ ,0.0_ ,185.7_ ,0.0_ ,1104.6_ ,784.3_ ,7_ ,14.54_ 
238.2_ ,158.8_ ,0.0_ ,185.7_ ,0.0_ ,1040.6_ ,734.3_ ,28_ ,26.91_ 
186.2_ ,124.1_ ,0.0_ ,185.7_ ,0.0_ ,1083.4_ ,764.3_ ,7_ ,8.00_ 
339.2_ ,0.0_ ,0.0_ ,185.7_ ,0.0_ ,1069.2_ ,754.3_ ,28_ ,31.90_ 
238.1_ ,0.0_ ,0.0_ ,185.7_ ,0.0_ ,1118.8_ ,789.3_ ,7_ ,10.34_ 
252.5_ ,0.0_ ,0.0_ ,185.7_ ,0.0_ ,1111.6_ ,784.3_ ,28_ ,19.77_ 
382.5_ ,0.0_ ,0.0_ ,185.7_ ,0.0_ ,1047.8_ ,739.3_ ,28_ ,37.44_ 
252.5_ ,0.0_ ,0.0_ ,185.7_ ,0.0_ ,1111.6_ ,784.3_ ,7_ ,11.48_ 
316.1_ ,210.7_ ,0.0_ ,185.7_ ,0.0_ ,977.0_ ,689.3_ ,7_ ,24.44_ 
186.2_ ,124.1_ ,0.0_ ,185.7_ ,0.0_ ,1083.4_ ,764.3_ ,28_ ,17.60_ 
170.3_ ,155.5_ ,0.0_ ,185.7_ ,0.0_ ,1026.6_ ,724.3_ ,7_ ,10.73_ 
272.8_ ,181.9_ ,0.0_ ,185.7_ ,0.0_ ,1012.4_ ,714.3_ ,28_ ,31.38_ 
339.0_ ,0.0_ ,0.0_ ,197.0_ ,0.0_ ,968.0_ ,781.0_ ,3_ ,13.22_ 
339.0_ ,0.0_ ,0.0_ ,197.0_ ,0.0_ ,968.0_ ,781.0_ ,7_ ,20.97_ 
339.0_ ,0.0_ ,0.0_ ,197.0_ ,0.0_ ,968.0_ ,781.0_ ,14_ ,27.04_ 
339.0_ ,0.0_ ,0.0_ ,197.0_ ,0.0_ ,968.0_ ,781.0_ ,28_ ,32.04_ 
339.0_ ,0.0_ ,0.0_ ,197.0_ ,0.0_ ,968.0_ ,781.0_ ,90_ ,35.17_ 
339.0_ ,0.0_ ,0.0_ ,197.0_ ,0.0_ ,968.0_ ,781.0_ ,180_ ,36.45_ 
339.0_ ,0.0_ ,0.0_ ,197.0_ ,0.0_ ,968.0_ ,781.0_ ,365_ ,38.89_ 
236.0_ ,0.0_ ,0.0_ ,194.0_ ,0.0_ ,968.0_ ,885.0_ ,3_ ,6.47_ 
236.0_ ,0.0_ ,0.0_ ,194.0_ ,0.0_ ,968.0_ ,885.0_ ,14_ ,12.84_ 
236.0_ ,0.0_ ,0.0_ ,194.0_ ,0.0_ ,968.0_ ,885.0_ ,28_ ,18.42_ 
236.0_ ,0.0_ ,0.0_ ,194.0_ ,0.0_ ,968.0_ ,885.0_ ,90_ ,21.95_ 
236.0_ ,0.0_ ,0.0_ ,193.0_ ,0.0_ ,968.0_ ,885.0_ ,180_ ,24.10_ 
236.0_ ,0.0_ ,0.0_ ,193.0_ ,0.0_ ,968.0_ ,885.0_ ,365_ ,25.08_ 
277.0_ ,0.0_ ,0.0_ ,191.0_ ,0.0_ ,968.0_ ,856.0_ ,14_ ,21.26_ 
277.0_ ,0.0_ ,0.0_ ,191.0_ ,0.0_ ,968.0_ ,856.0_ ,28_ ,25.97_ 
277.0_ ,0.0_ ,0.0_ ,191.0_ ,0.0_ ,968.0_ ,856.0_ ,3_ ,11.36_ 
277.0_ ,0.0_ ,0.0_ ,191.0_ ,0.0_ ,968.0_ ,856.0_ ,90_ ,31.25_ 
277.0_ ,0.0_ ,0.0_ ,191.0_ ,0.0_ ,968.0_ ,856.0_ ,180_ ,32.33_ 
277.0_ ,0.0_ ,0.0_ ,191.0_ ,0.0_ ,968.0_ ,856.0_ ,360_ ,33.70_ 
254.0_ ,0.0_ ,0.0_ ,198.0_ ,0.0_ ,968.0_ ,863.0_ ,3_ ,9.31_ 
254.0_ ,0.0_ ,0.0_ ,198.0_ ,0.0_ ,968.0_ ,863.0_ ,90_ ,26.94_ 
254.0_ ,0.0_ ,0.0_ ,198.0_ ,0.0_ ,968.0_ ,863.0_ ,180_ ,27.63_ 
254.0_ ,0.0_ ,0.0_ ,198.0_ ,0.0_ ,968.0_ ,863.0_ ,365_ ,29.79_ 
307.0_ ,0.0_ ,0.0_ ,193.0_ ,0.0_ ,968.0_ ,812.0_ ,180_ ,34.49_ 
307.0_ ,0.0_ ,0.0_ ,193.0_ ,0.0_ ,968.0_ ,812.0_ ,365_ ,36.15_ 
307.0_ ,0.0_ ,0.0_ ,193.0_ ,0.0_ ,968.0_ ,812.0_ ,3_ ,12.54_ 
307.0_ ,0.0_ ,0.0_ ,193.0_ ,0.0_ ,968.0_ ,812.0_ ,28_ ,27.53_ 
307.0_ ,0.0_ ,0.0_ ,193.0_ ,0.0_ ,968.0_ ,812.0_ ,90_ ,32.92_ 
236.0_ ,0.0_ ,0.0_ ,193.0_ ,0.0_ ,968.0_ ,885.0_ ,7_ ,9.99_ 
200.0_ ,0.0_ ,0.0_ ,180.0_ ,0.0_ ,1125.0_ ,845.0_ ,7_ ,7.84_ 
200.0_ ,0.0_ ,0.0_ ,180.0_ ,0.0_ ,1125.0_ ,845.0_ ,28_ ,12.25_ 
225.0_ ,0.0_ ,0.0_ ,181.0_ ,0.0_ ,1113.0_ ,833.0_ ,7_ ,11.17_ 
225.0_ ,0.0_ ,0.0_ ,181.0_ ,0.0_ ,1113.0_ ,833.0_ ,28_ ,17.34_ 
325.0_ ,0.0_ ,0.0_ ,184.0_ ,0.0_ ,1063.0_ ,783.0_ ,7_ ,17.54_ 
325.0_ ,0.0_ ,0.0_ ,184.0_ ,0.0_ ,1063.0_ ,783.0_ ,28_ ,30.57_ 
275.0_ ,0.0_ ,0.0_ ,183.0_ ,0.0_ ,1088.0_ ,808.0_ ,7_ ,14.20_ 
275.0_ ,0.0_ ,0.0_ ,183.0_ ,0.0_ ,1088.0_ ,808.0_ ,28_ ,24.50_ 
300.0_ ,0.0_ ,0.0_ ,184.0_ ,0.0_ ,1075.0_ ,795.0_ ,7_ ,15.58_ 
300.0_ ,0.0_ ,0.0_ ,184.0_ ,0.0_ ,1075.0_ ,795.0_ ,28_ ,26.85_ 
375.0_ ,0.0_ ,0.0_ ,186.0_ ,0.0_ ,1038.0_ ,758.0_ ,7_ ,26.06_ 
375.0_ ,0.0_ ,0.0_ ,186.0_ ,0.0_ ,1038.0_ ,758.0_ ,28_ ,38.21_ 
400.0_ ,0.0_ ,0.0_ ,187.0_ ,0.0_ ,1025.0_ ,745.0_ ,28_ ,43.70_ 
400.0_ ,0.0_ ,0.0_ ,187.0_ ,0.0_ ,1025.0_ ,745.0_ ,7_ ,30.14_ 
250.0_ ,0.0_ ,0.0_ ,182.0_ ,0.0_ ,1100.0_ ,820.0_ ,7_ ,12.73_ 
250.0_ ,0.0_ ,0.0_ ,182.0_ ,0.0_ ,1100.0_ ,820.0_ ,28_ ,20.87_ 
350.0_ ,0.0_ ,0.0_ ,186.0_ ,0.0_ ,1050.0_ ,770.0_ ,7_ ,20.28_ 
350.0_ ,0.0_ ,0.0_ ,186.0_ ,0.0_ ,1050.0_ ,770.0_ ,28_ ,34.29_ 
203.5_ ,305.3_ ,0.0_ ,203.5_ ,0.0_ ,963.4_ ,630.0_ ,7_ ,19.54_ 
250.2_ ,166.8_ ,0.0_ ,203.5_ ,0.0_ ,977.6_ ,694.1_ ,90_ ,47.71_ 
157.0_ ,236.0_ ,0.0_ ,192.0_ ,0.0_ ,935.4_ ,781.2_ ,90_ ,43.38_ 
141.3_ ,212.0_ ,0.0_ ,203.5_ ,0.0_ ,971.8_ ,748.5_ ,28_ ,29.89_ 
166.8_ ,250.2_ ,0.0_ ,203.5_ ,0.0_ ,975.6_ ,692.6_ ,3_ ,6.90_ 
122.6_ ,183.9_ ,0.0_ ,203.5_ ,0.0_ ,958.2_ ,800.1_ ,90_ ,33.19_ 
183.9_ ,122.6_ ,0.0_ ,203.5_ ,0.0_ ,959.2_ ,800.0_ ,3_ ,4.90_ 
102.0_ ,153.0_ ,0.0_ ,192.0_ ,0.0_ ,887.0_ ,942.0_ ,3_ ,4.57_ 
102.0_ ,153.0_ ,0.0_ ,192.0_ ,0.0_ ,887.0_ ,942.0_ ,90_ ,25.46_ 
122.6_ ,183.9_ ,0.0_ ,203.5_ ,0.0_ ,958.2_ ,800.1_ ,28_ ,24.29_ 
166.8_ ,250.2_ ,0.0_ ,203.5_ ,0.0_ ,975.6_ ,692.6_ ,28_ ,33.95_ 
200.0_ ,133.0_ ,0.0_ ,192.0_ ,0.0_ ,965.4_ ,806.2_ ,3_ ,11.41_ 
108.3_ ,162.4_ ,0.0_ ,203.5_ ,0.0_ ,938.2_ ,849.0_ ,28_ ,20.59_ 
305.3_ ,203.5_ ,0.0_ ,203.5_ ,0.0_ ,965.4_ ,631.0_ ,7_ ,25.89_ 
108.3_ ,162.4_ ,0.0_ ,203.5_ ,0.0_ ,938.2_ ,849.0_ ,90_ ,29.23_ 
116.0_ ,173.0_ ,0.0_ ,192.0_ ,0.0_ ,909.8_ ,891.9_ ,90_ ,31.02_ 
141.3_ ,212.0_ ,0.0_ ,203.5_ ,0.0_ ,971.8_ ,748.5_ ,7_ ,10.39_ 
157.0_ ,236.0_ ,0.0_ ,192.0_ ,0.0_ ,935.4_ ,781.2_ ,28_ ,33.66_ 
133.0_ ,200.0_ ,0.0_ ,192.0_ ,0.0_ ,927.4_ ,839.2_ ,28_ ,27.87_ 
250.2_ ,166.8_ ,0.0_ ,203.5_ ,0.0_ ,977.6_ ,694.1_ ,7_ ,19.35_ 
173.0_ ,116.0_ ,0.0_ ,192.0_ ,0.0_ ,946.8_ ,856.8_ ,7_ ,11.39_ 
192.0_ ,288.0_ ,0.0_ ,192.0_ ,0.0_ ,929.8_ ,716.1_ ,3_ ,12.79_ 
192.0_ ,288.0_ ,0.0_ ,192.0_ ,0.0_ ,929.8_ ,716.1_ ,28_ ,39.32_ 
153.0_ ,102.0_ ,0.0_ ,192.0_ ,0.0_ ,888.0_ ,943.1_ ,3_ ,4.78_ 
288.0_ ,192.0_ ,0.0_ ,192.0_ ,0.0_ ,932.0_ ,717.8_ ,3_ ,16.11_ 
305.3_ ,203.5_ ,0.0_ ,203.5_ ,0.0_ ,965.4_ ,631.0_ ,28_ ,43.38_ 
236.0_ ,157.0_ ,0.0_ ,192.0_ ,0.0_ ,972.6_ ,749.1_ ,7_ ,20.42_ 
173.0_ ,116.0_ ,0.0_ ,192.0_ ,0.0_ ,946.8_ ,856.8_ ,3_ ,6.94_ 
212.0_ ,141.3_ ,0.0_ ,203.5_ ,0.0_ ,973.4_ ,750.0_ ,7_ ,15.03_ 
236.0_ ,157.0_ ,0.0_ ,192.0_ ,0.0_ ,972.6_ ,749.1_ ,3_ ,13.57_ 
183.9_ ,122.6_ ,0.0_ ,203.5_ ,0.0_ ,959.2_ ,800.0_ ,90_ ,32.53_ 
166.8_ ,250.2_ ,0.0_ ,203.5_ ,0.0_ ,975.6_ ,692.6_ ,7_ ,15.75_ 
102.0_ ,153.0_ ,0.0_ ,192.0_ ,0.0_ ,887.0_ ,942.0_ ,7_ ,7.68_ 
288.0_ ,192.0_ ,0.0_ ,192.0_ ,0.0_ ,932.0_ ,717.8_ ,28_ ,38.80_ 
212.0_ ,141.3_ ,0.0_ ,203.5_ ,0.0_ ,973.4_ ,750.0_ ,28_ ,33.00_ 
102.0_ ,153.0_ ,0.0_ ,192.0_ ,0.0_ ,887.0_ ,942.0_ ,28_ ,17.28_ 
173.0_ ,116.0_ ,0.0_ ,192.0_ ,0.0_ ,946.8_ ,856.8_ ,28_ ,24.28_ 
183.9_ ,122.6_ ,0.0_ ,203.5_ ,0.0_ ,959.2_ ,800.0_ ,28_ ,24.05_ 
133.0_ ,200.0_ ,0.0_ ,192.0_ ,0.0_ ,927.4_ ,839.2_ ,90_ ,36.59_ 
192.0_ ,288.0_ ,0.0_ ,192.0_ ,0.0_ ,929.8_ ,716.1_ ,90_ ,50.73_ 
133.0_ ,200.0_ ,0.0_ ,192.0_ ,0.0_ ,927.4_ ,839.2_ ,7_ ,13.66_ 
305.3_ ,203.5_ ,0.0_ ,203.5_ ,0.0_ ,965.4_ ,631.0_ ,3_ ,14.14_ 
236.0_ ,157.0_ ,0.0_ ,192.0_ ,0.0_ ,972.6_ ,749.1_ ,90_ ,47.78_ 
108.3_ ,162.4_ ,0.0_ ,203.5_ ,0.0_ ,938.2_ ,849.0_ ,3_ ,2.33_ 
157.0_ ,236.0_ ,0.0_ ,192.0_ ,0.0_ ,935.4_ ,781.2_ ,7_ ,16.89_ 
288.0_ ,192.0_ ,0.0_ ,192.0_ ,0.0_ ,932.0_ ,717.8_ ,7_ ,23.52_ 
212.0_ ,141.3_ ,0.0_ ,203.5_ ,0.0_ ,973.4_ ,750.0_ ,3_ ,6.81_ 
212.0_ ,141.3_ ,0.0_ ,203.5_ ,0.0_ ,973.4_ ,750.0_ ,90_ ,39.70_ 
153.0_ ,102.0_ ,0.0_ ,192.0_ ,0.0_ ,888.0_ ,943.1_ ,28_ ,17.96_ 
236.0_ ,157.0_ ,0.0_ ,192.0_ ,0.0_ ,972.6_ ,749.1_ ,28_ ,32.88_ 
116.0_ ,173.0_ ,0.0_ ,192.0_ ,0.0_ ,909.8_ ,891.9_ ,28_ ,22.35_ 
183.9_ ,122.6_ ,0.0_ ,203.5_ ,0.0_ ,959.2_ ,800.0_ ,7_ ,10.79_ 
108.3_ ,162.4_ ,0.0_ ,203.5_ ,0.0_ ,938.2_ ,849.0_ ,7_ ,7.72_ 
203.5_ ,305.3_ ,0.0_ ,203.5_ ,0.0_ ,963.4_ ,630.0_ ,28_ ,41.68_ 
203.5_ ,305.3_ ,0.0_ ,203.5_ ,0.0_ ,963.4_ ,630.0_ ,3_ ,9.56_ 
133.0_ ,200.0_ ,0.0_ ,192.0_ ,0.0_ ,927.4_ ,839.2_ ,3_ ,6.88_ 
288.0_ ,192.0_ ,0.0_ ,192.0_ ,0.0_ ,932.0_ ,717.8_ ,90_ ,50.53_ 
200.0_ ,133.0_ ,0.0_ ,192.0_ ,0.0_ ,965.4_ ,806.2_ ,7_ ,17.17_ 
200.0_ ,133.0_ ,0.0_ ,192.0_ ,0.0_ ,965.4_ ,806.2_ ,28_ ,30.44_ 
250.2_ ,166.8_ ,0.0_ ,203.5_ ,0.0_ ,977.6_ ,694.1_ ,3_ ,9.73_ 
122.6_ ,183.9_ ,0.0_ ,203.5_ ,0.0_ ,958.2_ ,800.1_ ,3_ ,3.32_ 
153.0_ ,102.0_ ,0.0_ ,192.0_ ,0.0_ ,888.0_ ,943.1_ ,90_ ,26.32_ 
200.0_ ,133.0_ ,0.0_ ,192.0_ ,0.0_ ,965.4_ ,806.2_ ,90_ ,43.25_ 
116.0_ ,173.0_ ,0.0_ ,192.0_ ,0.0_ ,909.8_ ,891.9_ ,3_ ,6.28_ 
173.0_ ,116.0_ ,0.0_ ,192.0_ ,0.0_ ,946.8_ ,856.8_ ,90_ ,32.10_ 
250.2_ ,166.8_ ,0.0_ ,203.5_ ,0.0_ ,977.6_ ,694.1_ ,28_ ,36.96_ 
305.3_ ,203.5_ ,0.0_ ,203.5_ ,0.0_ ,965.4_ ,631.0_ ,90_ ,54.60_ 
192.0_ ,288.0_ ,0.0_ ,192.0_ ,0.0_ ,929.8_ ,716.1_ ,7_ ,21.48_ 
157.0_ ,236.0_ ,0.0_ ,192.0_ ,0.0_ ,935.4_ ,781.2_ ,3_ ,9.69_ 
153.0_ ,102.0_ ,0.0_ ,192.0_ ,0.0_ ,888.0_ ,943.1_ ,7_ ,8.37_ 
141.3_ ,212.0_ ,0.0_ ,203.5_ ,0.0_ ,971.8_ ,748.5_ ,90_ ,39.66_ 
116.0_ ,173.0_ ,0.0_ ,192.0_ ,0.0_ ,909.8_ ,891.9_ ,7_ ,10.09_ 
141.3_ ,212.0_ ,0.0_ ,203.5_ ,0.0_ ,971.8_ ,748.5_ ,3_ ,4.83_ 
122.6_ ,183.9_ ,0.0_ ,203.5_ ,0.0_ ,958.2_ ,800.1_ ,7_ ,10.35_ 
166.8_ ,250.2_ ,0.0_ ,203.5_ ,0.0_ ,975.6_ ,692.6_ ,90_ ,43.57_ 
203.5_ ,305.3_ ,0.0_ ,203.5_ ,0.0_ ,963.4_ ,630.0_ ,90_ ,51.86_ 
310.0_ ,0.0_ ,0.0_ ,192.0_ ,0.0_ ,1012.0_ ,830.0_ ,3_ ,11.85_ 
310.0_ ,0.0_ ,0.0_ ,192.0_ ,0.0_ ,1012.0_ ,830.0_ ,7_ ,17.24_ 
310.0_ ,0.0_ ,0.0_ ,192.0_ ,0.0_ ,1012.0_ ,830.0_ ,28_ ,27.83_ 
310.0_ ,0.0_ ,0.0_ ,192.0_ ,0.0_ ,1012.0_ ,830.0_ ,90_ ,35.76_ 
310.0_ ,0.0_ ,0.0_ ,192.0_ ,0.0_ ,1012.0_ ,830.0_ ,120_ ,38.70_ 
331.0_ ,0.0_ ,0.0_ ,192.0_ ,0.0_ ,1025.0_ ,821.0_ ,3_ ,14.31_ 
331.0_ ,0.0_ ,0.0_ ,192.0_ ,0.0_ ,1025.0_ ,821.0_ ,7_ ,17.44_ 
331.0_ ,0.0_ ,0.0_ ,192.0_ ,0.0_ ,1025.0_ ,821.0_ ,28_ ,31.74_ 
331.0_ ,0.0_ ,0.0_ ,192.0_ ,0.0_ ,1025.0_ ,821.0_ ,90_ ,37.91_ 
331.0_ ,0.0_ ,0.0_ ,192.0_ ,0.0_ ,1025.0_ ,821.0_ ,120_ ,39.38_ 
349.0_ ,0.0_ ,0.0_ ,192.0_ ,0.0_ ,1056.0_ ,809.0_ ,3_ ,15.87_ 
349.0_ ,0.0_ ,0.0_ ,192.0_ ,0.0_ ,1056.0_ ,809.0_ ,7_ ,9.01_ 
349.0_ ,0.0_ ,0.0_ ,192.0_ ,0.0_ ,1056.0_ ,809.0_ ,28_ ,33.61_ 
349.0_ ,0.0_ ,0.0_ ,192.0_ ,0.0_ ,1056.0_ ,809.0_ ,90_ ,40.66_ 
349.0_ ,0.0_ ,0.0_ ,192.0_ ,0.0_ ,1056.0_ ,809.0_ ,120_ ,40.86_ 
238.0_ ,0.0_ ,0.0_ ,186.0_ ,0.0_ ,1119.0_ ,789.0_ ,7_ ,12.05_ 
238.0_ ,0.0_ ,0.0_ ,186.0_ ,0.0_ ,1119.0_ ,789.0_ ,28_ ,17.54_ 
296.0_ ,0.0_ ,0.0_ ,186.0_ ,0.0_ ,1090.0_ ,769.0_ ,7_ ,18.91_ 
296.0_ ,0.0_ ,0.0_ ,186.0_ ,0.0_ ,1090.0_ ,769.0_ ,28_ ,25.18_ 
297.0_ ,0.0_ ,0.0_ ,186.0_ ,0.0_ ,1040.0_ ,734.0_ ,7_ ,30.96_ 
480.0_ ,0.0_ ,0.0_ ,192.0_ ,0.0_ ,936.0_ ,721.0_ ,28_ ,43.89_ 
480.0_ ,0.0_ ,0.0_ ,192.0_ ,0.0_ ,936.0_ ,721.0_ ,90_ ,54.28_ 
397.0_ ,0.0_ ,0.0_ ,186.0_ ,0.0_ ,1040.0_ ,734.0_ ,28_ ,36.94_ 
281.0_ ,0.0_ ,0.0_ ,186.0_ ,0.0_ ,1104.0_ ,774.0_ ,7_ ,14.50_ 
281.0_ ,0.0_ ,0.0_ ,185.0_ ,0.0_ ,1104.0_ ,774.0_ ,28_ ,22.44_ 
500.0_ ,0.0_ ,0.0_ ,200.0_ ,0.0_ ,1125.0_ ,613.0_ ,1_ ,12.64_ 
500.0_ ,0.0_ ,0.0_ ,200.0_ ,0.0_ ,1125.0_ ,613.0_ ,3_ ,26.06_ 
500.0_ ,0.0_ ,0.0_ ,200.0_ ,0.0_ ,1125.0_ ,613.0_ ,7_ ,33.21_ 
500.0_ ,0.0_ ,0.0_ ,200.0_ ,0.0_ ,1125.0_ ,613.0_ ,14_ ,36.94_ 
500.0_ ,0.0_ ,0.0_ ,200.0_ ,0.0_ ,1125.0_ ,613.0_ ,28_ ,44.09_ 
540.0_ ,0.0_ ,0.0_ ,173.0_ ,0.0_ ,1125.0_ ,613.0_ ,7_ ,52.61_ 
540.0_ ,0.0_ ,0.0_ ,173.0_ ,0.0_ ,1125.0_ ,613.0_ ,14_ ,59.76_ 
540.0_ ,0.0_ ,0.0_ ,173.0_ ,0.0_ ,1125.0_ ,613.0_ ,28_ ,67.31_ 
540.0_ ,0.0_ ,0.0_ ,173.0_ ,0.0_ ,1125.0_ ,613.0_ ,90_ ,69.66_ 
540.0_ ,0.0_ ,0.0_ ,173.0_ ,0.0_ ,1125.0_ ,613.0_ ,180_ ,71.62_ 
540.0_ ,0.0_ ,0.0_ ,173.0_ ,0.0_ ,1125.0_ ,613.0_ ,270_ ,74.17_ 
350.0_ ,0.0_ ,0.0_ ,203.0_ ,0.0_ ,974.0_ ,775.0_ ,7_ ,18.13_ 
350.0_ ,0.0_ ,0.0_ ,203.0_ ,0.0_ ,974.0_ ,775.0_ ,14_ ,22.53_ 
350.0_ ,0.0_ ,0.0_ ,203.0_ ,0.0_ ,974.0_ ,775.0_ ,28_ ,27.34_ 
350.0_ ,0.0_ ,0.0_ ,203.0_ ,0.0_ ,974.0_ ,775.0_ ,56_ ,29.98_ 
350.0_ ,0.0_ ,0.0_ ,203.0_ ,0.0_ ,974.0_ ,775.0_ ,90_ ,31.35_ 
350.0_ ,0.0_ ,0.0_ ,203.0_ ,0.0_ ,974.0_ ,775.0_ ,180_ ,32.72_ 
385.0_ ,0.0_ ,0.0_ ,186.0_ ,0.0_ ,966.0_ ,763.0_ ,1_ ,6.27_ 
385.0_ ,0.0_ ,0.0_ ,186.0_ ,0.0_ ,966.0_ ,763.0_ ,3_ ,14.70_ 
385.0_ ,0.0_ ,0.0_ ,186.0_ ,0.0_ ,966.0_ ,763.0_ ,7_ ,23.22_ 
385.0_ ,0.0_ ,0.0_ ,186.0_ ,0.0_ ,966.0_ ,763.0_ ,14_ ,27.92_ 
385.0_ ,0.0_ ,0.0_ ,186.0_ ,0.0_ ,966.0_ ,763.0_ ,28_ ,31.35_ 
331.0_ ,0.0_ ,0.0_ ,192.0_ ,0.0_ ,978.0_ ,825.0_ ,180_ ,39.00_ 
331.0_ ,0.0_ ,0.0_ ,192.0_ ,0.0_ ,978.0_ ,825.0_ ,360_ ,41.24_ 
349.0_ ,0.0_ ,0.0_ ,192.0_ ,0.0_ ,1047.0_ ,806.0_ ,3_ ,14.99_ 
331.0_ ,0.0_ ,0.0_ ,192.0_ ,0.0_ ,978.0_ ,825.0_ ,3_ ,13.52_ 
382.0_ ,0.0_ ,0.0_ ,186.0_ ,0.0_ ,1047.0_ ,739.0_ ,7_ ,24.00_ 
382.0_ ,0.0_ ,0.0_ ,186.0_ ,0.0_ ,1047.0_ ,739.0_ ,28_ ,37.42_ 
382.0_ ,0.0_ ,0.0_ ,186.0_ ,0.0_ ,1111.0_ ,784.0_ ,7_ ,11.47_ 
281.0_ ,0.0_ ,0.0_ ,186.0_ ,0.0_ ,1104.0_ ,774.0_ ,28_ ,22.44_ 
339.0_ ,0.0_ ,0.0_ ,185.0_ ,0.0_ ,1069.0_ ,754.0_ ,7_ ,21.16_ 
339.0_ ,0.0_ ,0.0_ ,185.0_ ,0.0_ ,1069.0_ ,754.0_ ,28_ ,31.84_ 
295.0_ ,0.0_ ,0.0_ ,185.0_ ,0.0_ ,1069.0_ ,769.0_ ,7_ ,14.80_ 
295.0_ ,0.0_ ,0.0_ ,185.0_ ,0.0_ ,1069.0_ ,769.0_ ,28_ ,25.18_ 
238.0_ ,0.0_ ,0.0_ ,185.0_ ,0.0_ ,1118.0_ ,789.0_ ,28_ ,17.54_ 
296.0_ ,0.0_ ,0.0_ ,192.0_ ,0.0_ ,1085.0_ ,765.0_ ,7_ ,14.20_ 
296.0_ ,0.0_ ,0.0_ ,192.0_ ,0.0_ ,1085.0_ ,765.0_ ,28_ ,21.65_ 
296.0_ ,0.0_ ,0.0_ ,192.0_ ,0.0_ ,1085.0_ ,765.0_ ,90_ ,29.39_ 
331.0_ ,0.0_ ,0.0_ ,192.0_ ,0.0_ ,879.0_ ,825.0_ ,3_ ,13.52_ 
331.0_ ,0.0_ ,0.0_ ,192.0_ ,0.0_ ,978.0_ ,825.0_ ,7_ ,16.26_ 
331.0_ ,0.0_ ,0.0_ ,192.0_ ,0.0_ ,978.0_ ,825.0_ ,28_ ,31.45_ 
331.0_ ,0.0_ ,0.0_ ,192.0_ ,0.0_ ,978.0_ ,825.0_ ,90_ ,37.23_ 
349.0_ ,0.0_ ,0.0_ ,192.0_ ,0.0_ ,1047.0_ ,806.0_ ,7_ ,18.13_ 
349.0_ ,0.0_ ,0.0_ ,192.0_ ,0.0_ ,1047.0_ ,806.0_ ,28_ ,32.72_ 
349.0_ ,0.0_ ,0.0_ ,192.0_ ,0.0_ ,1047.0_ ,806.0_ ,90_ ,39.49_ 
349.0_ ,0.0_ ,0.0_ ,192.0_ ,0.0_ ,1047.0_ ,806.0_ ,180_ ,41.05_ 
349.0_ ,0.0_ ,0.0_ ,192.0_ ,0.0_ ,1047.0_ ,806.0_ ,360_ ,42.13_ 
302.0_ ,0.0_ ,0.0_ ,203.0_ ,0.0_ ,974.0_ ,817.0_ ,14_ ,18.13_ 
302.0_ ,0.0_ ,0.0_ ,203.0_ ,0.0_ ,974.0_ ,817.0_ ,180_ ,26.74_ 
525.0_ ,0.0_ ,0.0_ ,189.0_ ,0.0_ ,1125.0_ ,613.0_ ,180_ ,61.92_ 
500.0_ ,0.0_ ,0.0_ ,200.0_ ,0.0_ ,1125.0_ ,613.0_ ,90_ ,47.22_ 
500.0_ ,0.0_ ,0.0_ ,200.0_ ,0.0_ ,1125.0_ ,613.0_ ,180_ ,51.04_ 
500.0_ ,0.0_ ,0.0_ ,200.0_ ,0.0_ ,1125.0_ ,613.0_ ,270_ ,55.16_ 
540.0_ ,0.0_ ,0.0_ ,173.0_ ,0.0_ ,1125.0_ ,613.0_ ,3_ ,41.64_ 
252.0_ ,0.0_ ,0.0_ ,185.0_ ,0.0_ ,1111.0_ ,784.0_ ,7_ ,13.71_ 
252.0_ ,0.0_ ,0.0_ ,185.0_ ,0.0_ ,1111.0_ ,784.0_ ,28_ ,19.69_ 
339.0_ ,0.0_ ,0.0_ ,185.0_ ,0.0_ ,1060.0_ ,754.0_ ,28_ ,31.65_ 
393.0_ ,0.0_ ,0.0_ ,192.0_ ,0.0_ ,940.0_ ,758.0_ ,3_ ,19.11_ 
393.0_ ,0.0_ ,0.0_ ,192.0_ ,0.0_ ,940.0_ ,758.0_ ,28_ ,39.58_ 
393.0_ ,0.0_ ,0.0_ ,192.0_ ,0.0_ ,940.0_ ,758.0_ ,90_ ,48.79_ 
382.0_ ,0.0_ ,0.0_ ,185.0_ ,0.0_ ,1047.0_ ,739.0_ ,7_ ,24.00_ 
382.0_ ,0.0_ ,0.0_ ,185.0_ ,0.0_ ,1047.0_ ,739.0_ ,28_ ,37.42_ 
252.0_ ,0.0_ ,0.0_ ,186.0_ ,0.0_ ,1111.0_ ,784.0_ ,7_ ,11.47_ 
252.0_ ,0.0_ ,0.0_ ,185.0_ ,0.0_ ,1111.0_ ,784.0_ ,28_ ,19.69_ 
310.0_ ,0.0_ ,0.0_ ,192.0_ ,0.0_ ,970.0_ ,850.0_ ,7_ ,14.99_ 
310.0_ ,0.0_ ,0.0_ ,192.0_ ,0.0_ ,970.0_ ,850.0_ ,28_ ,27.92_ 
310.0_ ,0.0_ ,0.0_ ,192.0_ ,0.0_ ,970.0_ ,850.0_ ,90_ ,34.68_ 
310.0_ ,0.0_ ,0.0_ ,192.0_ ,0.0_ ,970.0_ ,850.0_ ,180_ ,37.33_ 
310.0_ ,0.0_ ,0.0_ ,192.0_ ,0.0_ ,970.0_ ,850.0_ ,360_ ,38.11_ 
525.0_ ,0.0_ ,0.0_ ,189.0_ ,0.0_ ,1125.0_ ,613.0_ ,3_ ,33.80_ 
525.0_ ,0.0_ ,0.0_ ,189.0_ ,0.0_ ,1125.0_ ,613.0_ ,7_ ,42.42_ 
525.0_ ,0.0_ ,0.0_ ,189.0_ ,0.0_ ,1125.0_ ,613.0_ ,14_ ,48.40_ 
525.0_ ,0.0_ ,0.0_ ,189.0_ ,0.0_ ,1125.0_ ,613.0_ ,28_ ,55.94_ 
525.0_ ,0.0_ ,0.0_ ,189.0_ ,0.0_ ,1125.0_ ,613.0_ ,90_ ,58.78_ 
525.0_ ,0.0_ ,0.0_ ,189.0_ ,0.0_ ,1125.0_ ,613.0_ ,270_ ,67.11_ 
322.0_ ,0.0_ ,0.0_ ,203.0_ ,0.0_ ,974.0_ ,800.0_ ,14_ ,20.77_ 
322.0_ ,0.0_ ,0.0_ ,203.0_ ,0.0_ ,974.0_ ,800.0_ ,28_ ,25.18_ 
322.0_ ,0.0_ ,0.0_ ,203.0_ ,0.0_ ,974.0_ ,800.0_ ,180_ ,29.59_ 
302.0_ ,0.0_ ,0.0_ ,203.0_ ,0.0_ ,974.0_ ,817.0_ ,28_ ,21.75_ 
397.0_ ,0.0_ ,0.0_ ,185.0_ ,0.0_ ,1040.0_ ,734.0_ ,28_ ,39.09_ 
480.0_ ,0.0_ ,0.0_ ,192.0_ ,0.0_ ,936.0_ ,721.0_ ,3_ ,24.39_ 
522.0_ ,0.0_ ,0.0_ ,146.0_ ,0.0_ ,896.0_ ,896.0_ ,7_ ,50.51_ 
522.0_ ,0.0_ ,0.0_ ,146.0_ ,0.0_ ,896.0_ ,896.0_ ,28_ ,74.99_ 
273.0_ ,105.0_ ,82.0_ ,210.0_ ,9.0_ ,904.0_ ,680.0_ ,28_ ,37.17_ 
162.0_ ,190.0_ ,148.0_ ,179.0_ ,19.0_ ,838.0_ ,741.0_ ,28_ ,33.76_ 
154.0_ ,144.0_ ,112.0_ ,220.0_ ,10.0_ ,923.0_ ,658.0_ ,28_ ,16.50_ 
147.0_ ,115.0_ ,89.0_ ,202.0_ ,9.0_ ,860.0_ ,829.0_ ,28_ ,19.99_ 
152.0_ ,178.0_ ,139.0_ ,168.0_ ,18.0_ ,944.0_ ,695.0_ ,28_ ,36.35_ 
310.0_ ,143.0_ ,111.0_ ,168.0_ ,22.0_ ,914.0_ ,651.0_ ,28_ ,33.69_ 
144.0_ ,0.0_ ,175.0_ ,158.0_ ,18.0_ ,943.0_ ,844.0_ ,28_ ,15.42_ 
304.0_ ,140.0_ ,0.0_ ,214.0_ ,6.0_ ,895.0_ ,722.0_ ,28_ ,33.42_ 
374.0_ ,0.0_ ,0.0_ ,190.0_ ,7.0_ ,1013.0_ ,730.0_ ,28_ ,39.05_ 
159.0_ ,149.0_ ,116.0_ ,175.0_ ,15.0_ ,953.0_ ,720.0_ ,28_ ,27.68_ 
153.0_ ,239.0_ ,0.0_ ,200.0_ ,6.0_ ,1002.0_ ,684.0_ ,28_ ,26.86_ 
310.0_ ,143.0_ ,0.0_ ,168.0_ ,10.0_ ,914.0_ ,804.0_ ,28_ ,45.30_ 
305.0_ ,0.0_ ,100.0_ ,196.0_ ,10.0_ ,959.0_ ,705.0_ ,28_ ,30.12_ 
151.0_ ,0.0_ ,184.0_ ,167.0_ ,12.0_ ,991.0_ ,772.0_ ,28_ ,15.57_ 
142.0_ ,167.0_ ,130.0_ ,174.0_ ,11.0_ ,883.0_ ,785.0_ ,28_ ,44.61_ 
298.0_ ,137.0_ ,107.0_ ,201.0_ ,6.0_ ,878.0_ ,655.0_ ,28_ ,53.52_ 
321.0_ ,164.0_ ,0.0_ ,190.0_ ,5.0_ ,870.0_ ,774.0_ ,28_ ,57.21_ 
366.0_ ,187.0_ ,0.0_ ,191.0_ ,7.0_ ,824.0_ ,757.0_ ,28_ ,65.91_ 
280.0_ ,129.0_ ,100.0_ ,172.0_ ,9.0_ ,825.0_ ,805.0_ ,28_ ,52.82_ 
252.0_ ,97.0_ ,76.0_ ,194.0_ ,8.0_ ,835.0_ ,821.0_ ,28_ ,33.40_ 
165.0_ ,0.0_ ,150.0_ ,182.0_ ,12.0_ ,1023.0_ ,729.0_ ,28_ ,18.03_ 
156.0_ ,243.0_ ,0.0_ ,180.0_ ,11.0_ ,1022.0_ ,698.0_ ,28_ ,37.36_ 
160.0_ ,188.0_ ,146.0_ ,203.0_ ,11.0_ ,829.0_ ,710.0_ ,28_ ,32.84_ 
298.0_ ,0.0_ ,107.0_ ,186.0_ ,6.0_ ,879.0_ ,815.0_ ,28_ ,42.64_ 
318.0_ ,0.0_ ,126.0_ ,210.0_ ,6.0_ ,861.0_ ,737.0_ ,28_ ,40.06_ 
287.0_ ,121.0_ ,94.0_ ,188.0_ ,9.0_ ,904.0_ ,696.0_ ,28_ ,41.94_ 
326.0_ ,166.0_ ,0.0_ ,174.0_ ,9.0_ ,882.0_ ,790.0_ ,28_ ,61.23_ 
356.0_ ,0.0_ ,142.0_ ,193.0_ ,11.0_ ,801.0_ ,778.0_ ,28_ ,40.87_ 
132.0_ ,207.0_ ,161.0_ ,179.0_ ,5.0_ ,867.0_ ,736.0_ ,28_ ,33.30_ 
322.0_ ,149.0_ ,0.0_ ,186.0_ ,8.0_ ,951.0_ ,709.0_ ,28_ ,52.42_ 
164.0_ ,0.0_ ,200.0_ ,181.0_ ,13.0_ ,849.0_ ,846.0_ ,28_ ,15.09_ 
314.0_ ,0.0_ ,113.0_ ,170.0_ ,10.0_ ,925.0_ ,783.0_ ,28_ ,38.46_ 
321.0_ ,0.0_ ,128.0_ ,182.0_ ,11.0_ ,870.0_ ,780.0_ ,28_ ,37.26_ 
140.0_ ,164.0_ ,128.0_ ,237.0_ ,6.0_ ,869.0_ ,656.0_ ,28_ ,35.23_ 
288.0_ ,121.0_ ,0.0_ ,177.0_ ,7.0_ ,908.0_ ,829.0_ ,28_ ,42.13_ 
298.0_ ,0.0_ ,107.0_ ,210.0_ ,11.0_ ,880.0_ ,744.0_ ,28_ ,31.87_ 
265.0_ ,111.0_ ,86.0_ ,195.0_ ,6.0_ ,833.0_ ,790.0_ ,28_ ,41.54_ 
160.0_ ,250.0_ ,0.0_ ,168.0_ ,12.0_ ,1049.0_ ,688.0_ ,28_ ,39.45_ 
166.0_ ,260.0_ ,0.0_ ,183.0_ ,13.0_ ,859.0_ ,827.0_ ,28_ ,37.91_ 
276.0_ ,116.0_ ,90.0_ ,180.0_ ,9.0_ ,870.0_ ,768.0_ ,28_ ,44.28_ 
322.0_ ,0.0_ ,116.0_ ,196.0_ ,10.0_ ,818.0_ ,813.0_ ,28_ ,31.18_ 
149.0_ ,139.0_ ,109.0_ ,193.0_ ,6.0_ ,892.0_ ,780.0_ ,28_ ,23.69_ 
159.0_ ,187.0_ ,0.0_ ,176.0_ ,11.0_ ,990.0_ ,789.0_ ,28_ ,32.76_ 
261.0_ ,100.0_ ,78.0_ ,201.0_ ,9.0_ ,864.0_ ,761.0_ ,28_ ,32.40_ 
237.0_ ,92.0_ ,71.0_ ,247.0_ ,6.0_ ,853.0_ ,695.0_ ,28_ ,28.63_ 
313.0_ ,0.0_ ,113.0_ ,178.0_ ,8.0_ ,1002.0_ ,689.0_ ,28_ ,36.80_ 
155.0_ ,183.0_ ,0.0_ ,193.0_ ,9.0_ ,1047.0_ ,697.0_ ,28_ ,18.28_ 
146.0_ ,230.0_ ,0.0_ ,202.0_ ,3.0_ ,827.0_ ,872.0_ ,28_ ,33.06_ 
296.0_ ,0.0_ ,107.0_ ,221.0_ ,11.0_ ,819.0_ ,778.0_ ,28_ ,31.42_ 
133.0_ ,210.0_ ,0.0_ ,196.0_ ,3.0_ ,949.0_ ,795.0_ ,28_ ,31.03_ 
313.0_ ,145.0_ ,0.0_ ,178.0_ ,8.0_ ,867.0_ ,824.0_ ,28_ ,44.39_ 
152.0_ ,0.0_ ,112.0_ ,184.0_ ,8.0_ ,992.0_ ,816.0_ ,28_ ,12.18_ 
153.0_ ,145.0_ ,113.0_ ,178.0_ ,8.0_ ,1002.0_ ,689.0_ ,28_ ,25.56_ 
140.0_ ,133.0_ ,103.0_ ,200.0_ ,7.0_ ,916.0_ ,753.0_ ,28_ ,36.44_ 
149.0_ ,236.0_ ,0.0_ ,176.0_ ,13.0_ ,847.0_ ,893.0_ ,28_ ,32.96_ 
300.0_ ,0.0_ ,120.0_ ,212.0_ ,10.0_ ,878.0_ ,728.0_ ,28_ ,23.84_ 
153.0_ ,145.0_ ,113.0_ ,178.0_ ,8.0_ ,867.0_ ,824.0_ ,28_ ,26.23_ 
148.0_ ,0.0_ ,137.0_ ,158.0_ ,16.0_ ,1002.0_ ,830.0_ ,28_ ,17.95_ 
326.0_ ,0.0_ ,138.0_ ,199.0_ ,11.0_ ,801.0_ ,792.0_ ,28_ ,40.68_ 
153.0_ ,145.0_ ,0.0_ ,178.0_ ,8.0_ ,1000.0_ ,822.0_ ,28_ ,19.01_ 
262.0_ ,111.0_ ,86.0_ ,195.0_ ,5.0_ ,895.0_ ,733.0_ ,28_ ,33.72_ 
158.0_ ,0.0_ ,195.0_ ,220.0_ ,11.0_ ,898.0_ ,713.0_ ,28_ ,8.54_ 
151.0_ ,0.0_ ,185.0_ ,167.0_ ,16.0_ ,1074.0_ ,678.0_ ,28_ ,13.46_ 
273.0_ ,0.0_ ,90.0_ ,199.0_ ,11.0_ ,931.0_ ,762.0_ ,28_ ,32.24_ 
149.0_ ,118.0_ ,92.0_ ,183.0_ ,7.0_ ,953.0_ ,780.0_ ,28_ ,23.52_ 
143.0_ ,169.0_ ,143.0_ ,191.0_ ,8.0_ ,967.0_ ,643.0_ ,28_ ,29.72_ 
260.0_ ,101.0_ ,78.0_ ,171.0_ ,10.0_ ,936.0_ ,763.0_ ,28_ ,49.77_ 
313.0_ ,161.0_ ,0.0_ ,178.0_ ,10.0_ ,917.0_ ,759.0_ ,28_ ,52.44_ 
284.0_ ,120.0_ ,0.0_ ,168.0_ ,7.0_ ,970.0_ ,794.0_ ,28_ ,40.93_ 
336.0_ ,0.0_ ,0.0_ ,182.0_ ,3.0_ ,986.0_ ,817.0_ ,28_ ,44.86_ 
145.0_ ,0.0_ ,134.0_ ,181.0_ ,11.0_ ,979.0_ ,812.0_ ,28_ ,13.20_ 
150.0_ ,237.0_ ,0.0_ ,174.0_ ,12.0_ ,1069.0_ ,675.0_ ,28_ ,37.43_ 
144.0_ ,170.0_ ,133.0_ ,192.0_ ,8.0_ ,814.0_ ,805.0_ ,28_ ,29.87_ 
331.0_ ,170.0_ ,0.0_ ,195.0_ ,8.0_ ,811.0_ ,802.0_ ,28_ ,56.61_ 
155.0_ ,0.0_ ,143.0_ ,193.0_ ,9.0_ ,1047.0_ ,697.0_ ,28_ ,12.46_ 
155.0_ ,183.0_ ,0.0_ ,193.0_ ,9.0_ ,877.0_ ,868.0_ ,28_ ,23.79_ 
135.0_ ,0.0_ ,166.0_ ,180.0_ ,10.0_ ,961.0_ ,805.0_ ,28_ ,13.29_ 
266.0_ ,112.0_ ,87.0_ ,178.0_ ,10.0_ ,910.0_ ,745.0_ ,28_ ,39.42_ 
314.0_ ,145.0_ ,113.0_ ,179.0_ ,8.0_ ,869.0_ ,690.0_ ,28_ ,46.23_ 
313.0_ ,145.0_ ,0.0_ ,127.0_ ,8.0_ ,1000.0_ ,822.0_ ,28_ ,44.52_ 
146.0_ ,173.0_ ,0.0_ ,182.0_ ,3.0_ ,986.0_ ,817.0_ ,28_ ,23.74_ 
144.0_ ,136.0_ ,106.0_ ,178.0_ ,7.0_ ,941.0_ ,774.0_ ,28_ ,26.14_ 
148.0_ ,0.0_ ,182.0_ ,181.0_ ,15.0_ ,839.0_ ,884.0_ ,28_ ,15.52_ 
277.0_ ,117.0_ ,91.0_ ,191.0_ ,7.0_ ,946.0_ ,666.0_ ,28_ ,43.57_ 
298.0_ ,0.0_ ,107.0_ ,164.0_ ,13.0_ ,953.0_ ,784.0_ ,28_ ,35.86_ 
313.0_ ,145.0_ ,0.0_ ,178.0_ ,8.0_ ,1002.0_ ,689.0_ ,28_ ,41.05_ 
155.0_ ,184.0_ ,143.0_ ,194.0_ ,9.0_ ,880.0_ ,699.0_ ,28_ ,28.99_ 
289.0_ ,134.0_ ,0.0_ ,195.0_ ,6.0_ ,924.0_ ,760.0_ ,28_ ,46.24_ 
148.0_ ,175.0_ ,0.0_ ,171.0_ ,2.0_ ,1000.0_ ,828.0_ ,28_ ,26.92_ 
145.0_ ,0.0_ ,179.0_ ,202.0_ ,8.0_ ,824.0_ ,869.0_ ,28_ ,10.54_ 
313.0_ ,0.0_ ,0.0_ ,178.0_ ,8.0_ ,1000.0_ ,822.0_ ,28_ ,25.10_ 
136.0_ ,162.0_ ,126.0_ ,172.0_ ,10.0_ ,923.0_ ,764.0_ ,28_ ,29.07_ 
155.0_ ,0.0_ ,143.0_ ,193.0_ ,9.0_ ,877.0_ ,868.0_ ,28_ ,9.74_ 
255.0_ ,99.0_ ,77.0_ ,189.0_ ,6.0_ ,919.0_ ,749.0_ ,28_ ,33.80_ 
162.0_ ,207.0_ ,172.0_ ,216.0_ ,10.0_ ,822.0_ ,638.0_ ,28_ ,39.84_ 
136.0_ ,196.0_ ,98.0_ ,199.0_ ,6.0_ ,847.0_ ,783.0_ ,28_ ,26.97_ 
164.0_ ,163.0_ ,128.0_ ,197.0_ ,8.0_ ,961.0_ ,641.0_ ,28_ ,27.23_ 
162.0_ ,214.0_ ,164.0_ ,202.0_ ,10.0_ ,820.0_ ,680.0_ ,28_ ,30.65_ 
157.0_ ,214.0_ ,152.0_ ,200.0_ ,9.0_ ,819.0_ ,704.0_ ,28_ ,33.05_ 
149.0_ ,153.0_ ,194.0_ ,192.0_ ,8.0_ ,935.0_ ,623.0_ ,28_ ,24.58_ 
135.0_ ,105.0_ ,193.0_ ,196.0_ ,6.0_ ,965.0_ ,643.0_ ,28_ ,21.91_ 
159.0_ ,209.0_ ,161.0_ ,201.0_ ,7.0_ ,848.0_ ,669.0_ ,28_ ,30.88_ 
144.0_ ,15.0_ ,195.0_ ,176.0_ ,6.0_ ,1021.0_ ,709.0_ ,28_ ,15.34_ 
154.0_ ,174.0_ ,185.0_ ,228.0_ ,7.0_ ,845.0_ ,612.0_ ,28_ ,24.34_ 
167.0_ ,187.0_ ,195.0_ ,185.0_ ,7.0_ ,898.0_ ,636.0_ ,28_ ,23.89_ 
184.0_ ,86.0_ ,190.0_ ,213.0_ ,6.0_ ,923.0_ ,623.0_ ,28_ ,22.93_ 
156.0_ ,178.0_ ,187.0_ ,221.0_ ,7.0_ ,854.0_ ,614.0_ ,28_ ,29.41_ 
236.9_ ,91.7_ ,71.5_ ,246.9_ ,6.0_ ,852.9_ ,695.4_ ,28_ ,28.63_ 
313.3_ ,0.0_ ,113.0_ ,178.5_ ,8.0_ ,1001.9_ ,688.7_ ,28_ ,36.80_ 
154.8_ ,183.4_ ,0.0_ ,193.3_ ,9.1_ ,1047.4_ ,696.7_ ,28_ ,18.29_ 
145.9_ ,230.5_ ,0.0_ ,202.5_ ,3.4_ ,827.0_ ,871.8_ ,28_ ,32.72_ 
296.0_ ,0.0_ ,106.7_ ,221.4_ ,10.5_ ,819.2_ ,778.4_ ,28_ ,31.42_ 
133.1_ ,210.2_ ,0.0_ ,195.7_ ,3.1_ ,949.4_ ,795.3_ ,28_ ,28.94_ 
313.3_ ,145.0_ ,0.0_ ,178.5_ ,8.0_ ,867.2_ ,824.0_ ,28_ ,40.93_ 
151.6_ ,0.0_ ,111.9_ ,184.4_ ,7.9_ ,992.0_ ,815.9_ ,28_ ,12.18_ 
153.1_ ,145.0_ ,113.0_ ,178.5_ ,8.0_ ,1001.9_ ,688.7_ ,28_ ,25.56_ 
139.9_ ,132.6_ ,103.3_ ,200.3_ ,7.4_ ,916.0_ ,753.4_ ,28_ ,36.44_ 
149.5_ ,236.0_ ,0.0_ ,175.8_ ,12.6_ ,846.8_ ,892.7_ ,28_ ,32.96_ 
299.8_ ,0.0_ ,119.8_ ,211.5_ ,9.9_ ,878.2_ ,727.6_ ,28_ ,23.84_ 
153.1_ ,145.0_ ,113.0_ ,178.5_ ,8.0_ ,867.2_ ,824.0_ ,28_ ,26.23_ 
148.1_ ,0.0_ ,136.6_ ,158.1_ ,16.1_ ,1001.8_ ,830.1_ ,28_ ,17.96_ 
326.5_ ,0.0_ ,137.9_ ,199.0_ ,10.8_ ,801.1_ ,792.5_ ,28_ ,38.63_ 
152.7_ ,144.7_ ,0.0_ ,178.1_ ,8.0_ ,999.7_ ,822.2_ ,28_ ,19.01_ 
261.9_ ,110.5_ ,86.1_ ,195.4_ ,5.0_ ,895.2_ ,732.6_ ,28_ ,33.72_ 
158.4_ ,0.0_ ,194.9_ ,219.7_ ,11.0_ ,897.7_ ,712.9_ ,28_ ,8.54_ 
150.7_ ,0.0_ ,185.3_ ,166.7_ ,15.6_ ,1074.5_ ,678.0_ ,28_ ,13.46_ 
272.6_ ,0.0_ ,89.6_ ,198.7_ ,10.6_ ,931.3_ ,762.2_ ,28_ ,32.25_ 
149.0_ ,117.6_ ,91.7_ ,182.9_ ,7.1_ ,953.4_ ,780.3_ ,28_ ,23.52_ 
143.0_ ,169.4_ ,142.7_ ,190.7_ ,8.4_ ,967.4_ ,643.5_ ,28_ ,29.73_ 
259.9_ ,100.6_ ,78.4_ ,170.6_ ,10.4_ ,935.7_ ,762.9_ ,28_ ,49.77_ 
312.9_ ,160.5_ ,0.0_ ,177.6_ ,9.6_ ,916.6_ ,759.5_ ,28_ ,52.45_ 
284.0_ ,119.7_ ,0.0_ ,168.3_ ,7.2_ ,970.4_ ,794.2_ ,28_ ,40.93_ 
336.5_ ,0.0_ ,0.0_ ,181.9_ ,3.4_ ,985.8_ ,816.8_ ,28_ ,44.87_ 
144.8_ ,0.0_ ,133.6_ ,180.8_ ,11.1_ ,979.5_ ,811.5_ ,28_ ,13.20_ 
150.0_ ,236.8_ ,0.0_ ,173.8_ ,11.9_ ,1069.3_ ,674.8_ ,28_ ,37.43_ 
143.7_ ,170.2_ ,132.6_ ,191.6_ ,8.5_ ,814.1_ ,805.3_ ,28_ ,29.87_ 
330.5_ ,169.6_ ,0.0_ ,194.9_ ,8.1_ ,811.0_ ,802.3_ ,28_ ,56.62_ 
154.8_ ,0.0_ ,142.8_ ,193.3_ ,9.1_ ,1047.4_ ,696.7_ ,28_ ,12.46_ 
154.8_ ,183.4_ ,0.0_ ,193.3_ ,9.1_ ,877.2_ ,867.7_ ,28_ ,23.79_ 
134.7_ ,0.0_ ,165.7_ ,180.2_ ,10.0_ ,961.0_ ,804.9_ ,28_ ,13.29_ 
266.2_ ,112.3_ ,87.5_ ,177.9_ ,10.4_ ,909.7_ ,744.5_ ,28_ ,39.42_ 
314.0_ ,145.3_ ,113.2_ ,178.9_ ,8.0_ ,869.1_ ,690.2_ ,28_ ,46.23_ 
312.7_ ,144.7_ ,0.0_ ,127.3_ ,8.0_ ,999.7_ ,822.2_ ,28_ ,44.52_ 
145.7_ ,172.6_ ,0.0_ ,181.9_ ,3.4_ ,985.8_ ,816.8_ ,28_ ,23.74_ 
143.8_ ,136.3_ ,106.2_ ,178.1_ ,7.5_ ,941.5_ ,774.3_ ,28_ ,26.15_ 
148.1_ ,0.0_ ,182.1_ ,181.4_ ,15.0_ ,838.9_ ,884.3_ ,28_ ,15.53_ 
277.0_ ,116.8_ ,91.0_ ,190.6_ ,7.0_ ,946.5_ ,665.6_ ,28_ ,43.58_ 
298.1_ ,0.0_ ,107.5_ ,163.6_ ,12.8_ ,953.2_ ,784.0_ ,28_ ,35.87_ 
313.3_ ,145.0_ ,0.0_ ,178.5_ ,8.0_ ,1001.9_ ,688.7_ ,28_ ,41.05_ 
155.2_ ,183.9_ ,143.2_ ,193.8_ ,9.2_ ,879.6_ ,698.5_ ,28_ ,28.99_ 
289.0_ ,133.7_ ,0.0_ ,194.9_ ,5.5_ ,924.1_ ,760.1_ ,28_ ,46.25_ 
147.8_ ,175.1_ ,0.0_ ,171.2_ ,2.2_ ,1000.0_ ,828.5_ ,28_ ,26.92_ 
145.4_ ,0.0_ ,178.9_ ,201.7_ ,7.8_ ,824.0_ ,868.7_ ,28_ ,10.54_ 
312.7_ ,0.0_ ,0.0_ ,178.1_ ,8.0_ ,999.7_ ,822.2_ ,28_ ,25.10_ 
136.4_ ,161.6_ ,125.8_ ,171.6_ ,10.4_ ,922.6_ ,764.4_ ,28_ ,29.07_ 
154.8_ ,0.0_ ,142.8_ ,193.3_ ,9.1_ ,877.2_ ,867.7_ ,28_ ,9.74_ 
255.3_ ,98.8_ ,77.0_ ,188.6_ ,6.5_ ,919.0_ ,749.3_ ,28_ ,33.80_ 
272.8_ ,105.1_ ,81.8_ ,209.7_ ,9.0_ ,904.0_ ,679.7_ ,28_ ,37.17_ 
162.0_ ,190.1_ ,148.1_ ,178.8_ ,18.8_ ,838.1_ ,741.4_ ,28_ ,33.76_ 
153.6_ ,144.2_ ,112.3_ ,220.1_ ,10.1_ ,923.2_ ,657.9_ ,28_ ,16.50_ 
146.5_ ,114.6_ ,89.3_ ,201.9_ ,8.8_ ,860.0_ ,829.5_ ,28_ ,19.99_ 
151.8_ ,178.1_ ,138.7_ ,167.5_ ,18.3_ ,944.0_ ,694.6_ ,28_ ,36.35_ 
309.9_ ,142.8_ ,111.2_ ,167.8_ ,22.1_ ,913.9_ ,651.2_ ,28_ ,38.22_ 
143.6_ ,0.0_ ,174.9_ ,158.4_ ,17.9_ ,942.7_ ,844.5_ ,28_ ,15.42_ 
303.6_ ,139.9_ ,0.0_ ,213.5_ ,6.2_ ,895.5_ ,722.5_ ,28_ ,33.42_ 
374.3_ ,0.0_ ,0.0_ ,190.2_ ,6.7_ ,1013.2_ ,730.4_ ,28_ ,39.06_ 
158.6_ ,148.9_ ,116.0_ ,175.1_ ,15.0_ ,953.3_ ,719.7_ ,28_ ,27.68_ 
152.6_ ,238.7_ ,0.0_ ,200.0_ ,6.3_ ,1001.8_ ,683.9_ ,28_ ,26.86_ 
310.0_ ,142.8_ ,0.0_ ,167.9_ ,10.0_ ,914.3_ ,804.0_ ,28_ ,45.30_ 
304.8_ ,0.0_ ,99.6_ ,196.0_ ,9.8_ ,959.4_ ,705.2_ ,28_ ,30.12_ 
150.9_ ,0.0_ ,183.9_ ,166.6_ ,11.6_ ,991.2_ ,772.2_ ,28_ ,15.57_ 
141.9_ ,166.6_ ,129.7_ ,173.5_ ,10.9_ ,882.6_ ,785.3_ ,28_ ,44.61_ 
297.8_ ,137.2_ ,106.9_ ,201.3_ ,6.0_ ,878.4_ ,655.3_ ,28_ ,53.52_ 
321.3_ ,164.2_ ,0.0_ ,190.5_ ,4.6_ ,870.0_ ,774.0_ ,28_ ,57.22_ 
366.0_ ,187.0_ ,0.0_ ,191.3_ ,6.6_ ,824.3_ ,756.9_ ,28_ ,65.91_ 
279.8_ ,128.9_ ,100.4_ ,172.4_ ,9.5_ ,825.1_ ,804.9_ ,28_ ,52.83_ 
252.1_ ,97.1_ ,75.6_ ,193.8_ ,8.3_ ,835.5_ ,821.4_ ,28_ ,33.40_ 
164.6_ ,0.0_ ,150.4_ ,181.6_ ,11.7_ ,1023.3_ ,728.9_ ,28_ ,18.03_ 
155.6_ ,243.5_ ,0.0_ ,180.3_ ,10.7_ ,1022.0_ ,697.7_ ,28_ ,37.36_ 
160.2_ ,188.0_ ,146.4_ ,203.2_ ,11.3_ ,828.7_ ,709.7_ ,28_ ,35.31_ 
298.1_ ,0.0_ ,107.0_ ,186.4_ ,6.1_ ,879.0_ ,815.2_ ,28_ ,42.64_ 
317.9_ ,0.0_ ,126.5_ ,209.7_ ,5.7_ ,860.5_ ,736.6_ ,28_ ,40.06_ 
287.3_ ,120.5_ ,93.9_ ,187.6_ ,9.2_ ,904.4_ ,695.9_ ,28_ ,43.80_ 
325.6_ ,166.4_ ,0.0_ ,174.0_ ,8.9_ ,881.6_ ,790.0_ ,28_ ,61.24_ 
355.9_ ,0.0_ ,141.6_ ,193.3_ ,11.0_ ,801.4_ ,778.4_ ,28_ ,40.87_ 
132.0_ ,206.5_ ,160.9_ ,178.9_ ,5.5_ ,866.9_ ,735.6_ ,28_ ,33.31_ 
322.5_ ,148.6_ ,0.0_ ,185.8_ ,8.5_ ,951.0_ ,709.5_ ,28_ ,52.43_ 
164.2_ ,0.0_ ,200.1_ ,181.2_ ,12.6_ ,849.3_ ,846.0_ ,28_ ,15.09_ 
313.8_ ,0.0_ ,112.6_ ,169.9_ ,10.1_ ,925.3_ ,782.9_ ,28_ ,38.46_ 
321.4_ ,0.0_ ,127.9_ ,182.5_ ,11.5_ ,870.1_ ,779.7_ ,28_ ,37.27_ 
139.7_ ,163.9_ ,127.7_ ,236.7_ ,5.8_ ,868.6_ ,655.6_ ,28_ ,35.23_ 
288.4_ ,121.0_ ,0.0_ ,177.4_ ,7.0_ ,907.9_ ,829.5_ ,28_ ,42.14_ 
298.2_ ,0.0_ ,107.0_ ,209.7_ ,11.1_ ,879.6_ ,744.2_ ,28_ ,31.88_ 
264.5_ ,111.0_ ,86.5_ ,195.5_ ,5.9_ ,832.6_ ,790.4_ ,28_ ,41.54_ 
159.8_ ,250.0_ ,0.0_ ,168.4_ ,12.2_ ,1049.3_ ,688.2_ ,28_ ,39.46_ 
166.0_ ,259.7_ ,0.0_ ,183.2_ ,12.7_ ,858.8_ ,826.8_ ,28_ ,37.92_ 
276.4_ ,116.0_ ,90.3_ ,179.6_ ,8.9_ ,870.1_ ,768.3_ ,28_ ,44.28_ 
322.2_ ,0.0_ ,115.6_ ,196.0_ ,10.4_ ,817.9_ ,813.4_ ,28_ ,31.18_ 
148.5_ ,139.4_ ,108.6_ ,192.7_ ,6.1_ ,892.4_ ,780.0_ ,28_ ,23.70_ 
159.1_ ,186.7_ ,0.0_ ,175.6_ ,11.3_ ,989.6_ ,788.9_ ,28_ ,32.77_ 
260.9_ ,100.5_ ,78.3_ ,200.6_ ,8.6_ ,864.5_ ,761.5_ ,28_ ,32.40_ 
